size,current,naive,protty
1,0.908203125,0.41015625,0.595703125
2,1.015625,0.546875,0.546875
3,1.328125,0.751953125,0.556640625
4,1.552734375,0.947265625,0.556640625
5,2.119140625,1.171875,0.458984375
6,2.4423828125,1.38671875,0.576171875
7,2.177734375,1.513671875,0.46875
8,3.095703125,1.7578125,0.46875
9,3.017578125,1.953125,0.771484375
10,3.33984375,2.138671875,0.78125
11,3.3984375,2.353515625,0.771484375
12,3.642578125,2.587890625,0.95703125
13,3.701171875,2.783203125,0.78125
14,4.169921875,3.017578125,0.771484375
15,4.90234375,3.22265625,0.947265625
16,5.126953125,1.19140625,0.771484375
17,4.921875,1.2890625,0.5859375
18,5.6640625,1.484375,0.498046875
19,5.537109375,1.4951171875,0.5859375
20,6.025390625,1.689453125,0.595703125
21,5.83984375,1.73828125,0.5859375
22,5.56640625,1.85546875,0.5859375
23,6.46484375,2.041015625,0.5859375
24,10.380859375,2.197265625,0.498046875
25,6.455078125,2.3828125,0.5078125
26,7.20703125,2.568359375,0.5078125
27,6.943359375,2.802734375,0.498046875
28,8.017578125,2.98828125,0.5859375
29,7.67578125,3.232421875,0.595703125
30,8.10546875,3.4375,0.5859375
31,8.544921875,3.759765625,0.498046875
32,8.80859375,1.943359375,0.5087890625
33,4.1904296875,1.9921875,0.5859375
34,4.1796875,2.01171875,0.5859375
35,4.1015625,2.041015625,0.5859375
36,5.361328125,2.08984375,0.5859375
37,4.90234375,2.1484375,0.5859375
38,5.64453125,2.265625,0.5859375
39,6.5625,2.392578125,0.5859375
40,6.259765625,2.55859375,0.595703125
41,6.796875,2.71484375,0.595703125
42,6.5234375,2.861328125,0.5859375
43,6.46484375,3.02734375,0.5859375
44,6.220703125,3.271484375,0.5859375
45,7.431640625,3.505859375,0.5859375
46,8.095703125,3.779296875,0.5859375
47,7.060546875,3.994140625,0.5859375
48,8.662109375,2.607421875,0.5859375
49,7.67578125,2.705078125,0.5859375
50,7.880859375,2.724609375,0.5859375
51,7.529296875,2.7734375,0.5859375
52,9.7666015625,2.822265625,0.595703125
53,9.7470703125,2.822265625,0.5859375
54,8.9853515625,2.880859375,0.595703125
55,10.8408203125,2.919921875,0.5859375
56,21.6611328125,2.978515625,0.5859375
57,8.662109375,3.06640625,0.634765625
58,9.990234375,3.232421875,0.595703125
59,8.779296875,3.3984375,0.5966796875
60,10.673828125,3.623046875,0.5859375
61,10.6357421875,3.916015625,0.595703125
62,11.6015625,4.19921875,0.595703125
63,10.5078125,4.453125,0.595703125
64,12.87109375,3.30078125,0.595703125
65,6.708984375,3.37890625,1.298828125
66,7.197265625,3.408203125,1.298828125
67,7.94921875,3.4375,1.30859375
68,7.24609375,3.466796875,1.3095703125
69,7.40234375,3.49609375,1.30859375
70,7.509765625,3.5458984375,1.30859375
71,7.67578125,3.5849609375,1.30859375
72,8.447265625,3.642578125,1.30859375
73,8.4580078125,3.681640625,1.30859375
74,9.3271484375,3.740234375,1.298828125
75,8.9453125,3.837890625,1.30859375
76,9.248046875,3.935546875,1.30859375
77,9.345703125,4.140625,1.30859375
78,9.873046875,4.443359375,1.30859375
79,10.91796875,4.912109375,1.30859375
80,10.25390625,4.0048828125,1.30859375
81,11.669921875,4.1123046875,1.30859375
82,10.7919921875,4.150390625,1.30859375
83,11.162109375,4.208984375,1.30859375
84,11.181640625,4.248046875,1.30859375
85,11.71875,4.287109375,1.30859375
86,11.552734375,4.3359375,1.484375
87,11.23046875,4.375,1.30859375
88,11.50390625,4.4140625,1.298828125
89,12.451171875,4.47265625,1.484375
90,12.51953125,4.51171875,1.30859375
91,13.564453125,4.541015625,1.30859375
92,12.8037109375,4.599609375,1.30859375
93,12.919921875,4.66796875,1.30859375
94,12.83203125,4.9609375,1.298828125
95,12.94921875,5.21484375,1.30859375
96,14.4638671875,4.619140625,1.30859375
97,9.6982421875,4.775390625,1.30859375
98,9.267578125,4.8046875,1.328125
99,10.341796875,4.8828125,1.30859375
101,10.498046875,4.9423828125,1.30859375
103,10.6455078125,5.0390625,1.484375
105,11.171875,5.17578125,1.298828125
107,11.09375,5.29296875,1.30859375
109,12.490234375,5.439453125,1.30859375
111,12.6767578125,5.712890625,1.30859375
113,13.642578125,5.380859375,1.30859375
115,13.095703125,5.458984375,1.30859375
117,13.701171875,5.546875,1.30859375
119,16.1240234375,5.634765625,1.298828125
121,15,5.751953125,1.30859375
123,15.0595703125,5.869140625,1.298828125
125,15.791015625,6.025390625,1.30859375
127,14.66796875,6.259765625,1.30859375
129,12.646484375,5.9970703125,1.474609375
131,13.0859375,6.064453125,1.474609375
133,12.8916015625,6.201171875,1.474609375
135,14.140625,6.2890625,1.650390625
137,14.248046875,6.416015625,1.4755859375
139,15.1865234375,6.533203125,1.484375
141,14.453125,6.689453125,1.650390625
143,16.142578125,6.875,1.474609375
145,15.6748046875,6.69921875,1.474609375
147,16.376953125,6.7978515625,1.484375
149,18.33984375,6.9140625,1.66015625
151,21.4267578125,8.828125,1.484375
153,17.607421875,7.1591796875,1.484375
155,17.4619140625,7.28515625,1.474609375
157,16.54296875,7.4228515625,1.484375
159,17.6767578125,7.6171875,1.474609375
161,16.845703125,7.3828125,1.4853515625
163,15.5771484375,7.509765625,1.484375
165,15.888671875,7.63671875,1.66015625
167,16.3388671875,7.783203125,1.474609375
169,16.5234375,7.861328125,1.484375
171,16.4453125,7.96875,1.474609375
173,17.2080078125,8.06640625,1.484375
175,17.353515625,8.251953125,1.474609375
177,17.79296875,17.63671875,2.666015625
179,18.2529296875,8.2421875,1.66015625
181,19.619140625,8.359375,1.484375
183,18.84765625,8.4873046875,1.474609375
185,20.44921875,8.6728515625,1.484375
187,18.4970703125,8.80859375,1.66015625
189,19.4736328125,8.984375,1.474609375
191,20.3623046875,9.189453125,1.474609375
193,18.8671875,8.857421875,1.650390625
195,17.822265625,8.9853515625,1.66015625
197,18.310546875,9.130859375,1.66015625
199,18.4287109375,9.35546875,1.650390625
202,18.9072265625,9.70703125,1.669921875
205,19.794921875,10.1083984375,1.66015625
208,20.625,9.23828125,1.650390625
211,22.0908203125,9.90234375,1.66015625
214,21.8955078125,10.224609375,1.66015625
217,23.0576171875,10.703125,1.66015625
220,23.8291015625,12.333984375,2.470703125
223,24.462890625,11.6796875,1.669921875
226,21.3583984375,10.419921875,1.66015625
229,21.083984375,10.8408203125,1.66015625
232,23.408203125,11.23046875,1.6611328125
235,22.3251953125,11.923828125,1.66015625
238,23.4482421875,12.275390625,1.66015625
241,23.5166015625,10.99609375,1.66015625
244,23.291015625,11.435546875,1.66015625
247,24.580078125,11.9443359375,1.66015625
250,24.990234375,12.2763671875,1.66015625
253,23.7109375,12.6669921875,1.66015625
256,24.912109375,11.09375,1.66015625
259,23.779296875,11.9150390625,1.845703125
262,26.064453125,12.421875,2.021484375
265,23.69140625,13.1064453125,1.904296875
268,25.830078125,13.69140625,1.845703125
271,24.6484375,14.150390625,1.845703125
274,25.8203125,12.40234375,1.845703125
277,26.5234375,12.958984375,1.93359375
280,26.2890625,13.544921875,1.845703125
283,25.5380859375,14.052734375,1.845703125
286,28.3408203125,14.541015625,1.845703125
289,26.5927734375,12.91015625,2.03125
292,26.3583984375,13.310546875,1.845703125
295,28.203125,13.974609375,1.8466796875
298,26.2109375,14.580078125,1.9140625
302,27.98828125,15.1953125,1.875
306,28.30078125,13.701171875,1.845703125
310,28.3603515625,14.423828125,2.01171875
314,28.8388671875,15.029296875,2.01171875
318,29.5703125,15.7236328125,1.85546875
322,28.505859375,14.541015625,1.953125
326,28.5166015625,15.146484375,2.041015625
330,28.076171875,15.8994140625,1.93359375
334,30.9677734375,16.46484375,1.9140625
338,29.53125,15.1083984375,2.01171875
342,31.7978515625,15.859375,1.9140625
346,32.7841796875,16.6015625,2.03125
350,31.884765625,17.2763671875,2.01171875
354,31.50390625,15.693359375,2.041015625
358,31.3974609375,16.4853515625,1.943359375
362,31.982421875,17.177734375,1.943359375
366,31.0068359375,17.763671875,2.021484375
370,31.2021484375,16.4453125,1.93359375
374,33.9560546875,17.2265625,1.923828125
378,32.32421875,17.9501953125,2.001953125
382,32.6083984375,18.603515625,2.021484375
386,33.1640625,17.0703125,2.40234375
390,74.2109375,17.83203125,2.421875
394,33.22265625,18.4765625,2.333984375
398,36.0849609375,19.2392578125,2.314453125
403,35.1083984375,17.8125,2.32421875
408,35.947265625,18.59375,2.412109375
413,36.7490234375,19.5322265625,2.3046875
418,36.4462890625,18.330078125,2.294921875
423,36.1630859375,19.0537109375,2.333984375
428,35.6259765625,20.087890625,2.3544921875
433,35.1181640625,18.6142578125,2.294921875
438,40.1572265625,19.55078125,2.431640625
443,40.05859375,20.654296875,2.353515625
448,38.271484375,18.681640625,2.34375
453,38.4375,19.82421875,2.48046875
458,38.7900390625,20.7724609375,2.490234375
463,40.0302734375,21.7880859375,2.431640625
468,38.7314453125,20.576171875,2.48046875
473,38.6923828125,21.318359375,2.431640625
478,38.26171875,22.236328125,2.431640625
483,39.306640625,20.95703125,2.48046875
488,38.4580078125,21.7587890625,2.40234375
493,41.1923828125,22.6376953125,2.421875
498,39.8935546875,21.0654296875,2.470703125
504,39.7080078125,22.4326171875,2.470703125
510,39.4052734375,23.5849609375,2.431640625
516,41.8759765625,22.4228515625,2.666015625
522,40.4111328125,23.4677734375,2.67578125
528,43.3017578125,21.8857421875,2.646484375
534,55.7041015625,23.2421875,2.705078125
540,43.0966796875,24.306640625,2.65625
546,43.876953125,23.251953125,2.666015625
552,43.857421875,24.365234375,2.705078125
558,44.1123046875,25.1865234375,2.646484375
564,45.6455078125,24.2880859375,2.71484375
570,44.6591796875,25.4306640625,2.666015625
576,44.8447265625,23.779296875,2.685546875
582,45.78125,25.21484375,2.79296875
588,44.8251953125,26.4169921875,2.802734375
594,46.416015625,25.068359375,2.8125
601,47.01171875,26.357421875,2.8125
608,47.2373046875,25.0302734375,2.802734375
615,49.1904296875,26.5732421875,2.880859375
622,46.806640625,27.8515625,2.83203125
629,46.6611328125,26.9150390625,2.880859375
636,50.0302734375,28.1943359375,2.83203125
643,49.6494140625,27.216796875,3.056640625
650,49.2001953125,28.5556640625,3.02734375
657,52.0126953125,27.412109375,3.115234375
664,49.3076171875,32.5302734375,5
671,52.05078125,29.794921875,3.115234375
678,53.1259765625,37.0908203125,3.0859375
685,54.0341796875,30.2353515625,3.046875
692,52.9013671875,29.35546875,3.0859375
699,50.4501953125,30.4501953125,3.046875
707,54.7373046875,29.4541015625,3.291015625
715,54.2978515625,31.142578125,3.30078125
723,52.8720703125,30.390625,3.291015625
731,54.5322265625,31.6806640625,3.30078125
739,55.5576171875,30.9873046875,3.291015625
747,57.4130859375,36.669921875,3.310546875
755,55.8896484375,31.640625,3.291015625
763,56.6904296875,33.10546875,3.30078125
771,57.7939453125,31.9736328125,3.59375
779,58.037109375,33.7119140625,3.564453125
787,57.2861328125,32.9892578125,3.564453125
795,57.6376953125,34.365234375,3.564453125
804,58.7802734375,33.6337890625,3.57421875
813,58.7705078125,35.2548828125,3.564453125
822,61.0751953125,34.5419921875,3.564453125
831,60.8603515625,36.19140625,3.57421875
840,60.2646484375,35.546875,3.828125
849,61.2509765625,35.0302734375,3.828125
858,63.2822265625,36.611328125,3.8388671875
867,60.1669921875,36.0546875,3.8388671875
876,63.0966796875,37.6083984375,3.828125
885,63.6923828125,37.01171875,3.837890625
894,63.9462890625,38.662109375,3.8388671875
904,65.0205078125,38.1943359375,4.12109375
914,64.7763671875,37.6962890625,4.1015625
924,64.1904296875,39.6396484375,4.091796875
934,67.2373046875,39.0234375,4.1015625
944,64.81640625,38.1162109375,4.013671875
954,65.6748046875,40.439453125,4.1025390625
964,66.6123046875,39.9423828125,4.375
974,65.1669921875,41.7099609375,4.365234375
984,67.3935546875,41.162109375,4.365234375
994,69.89453125,40.8017578125,4.365234375
1005,68.9755859375,42.7158203125,4.365234375
1016,71.3095703125,42.578125,4.384765625
1027,71.2421875,42.3544921875,4.658203125
1038,71.3388671875,44.2587890625,4.638671875
1049,79.4345703125,43.8583984375,4.62890625
1060,72.6767578125,43.6533203125,4.62890625
1071,76.095703125,45.6650390625,4.62890625
1082,75.1484375,45.4501953125,4.638671875
1093,74.513671875,45.1181640625,4.90234375
1105,77.4619140625,64.8056640625,6.2216796875
1117,74.9140625,47.0810546875,4.90234375
1129,76.9345703125,47.1005859375,4.90234375
1141,76.994140625,46.9541015625,4.90234375
1153,76.7001953125,46.9052734375,5.17578125
1165,77.033203125,49.4248046875,5.17578125
1177,78.5947265625,48.90625,5.17578125
1189,84.4248046875,48.8974609375,5.17578125
1202,80.20703125,48.9365234375,5.17578125
1215,79.6796875,51.3388671875,5.17578125
1228,81.06640625,51.455078125,5.458984375
1241,82.1201171875,51.4560546875,5.44921875
1254,82.228515625,51.494140625,5.44921875
1267,92.0615234375,51.8173828125,5.458984375
1280,85.0205078125,51.3974609375,5.439453125
1293,83.5654296875,54.0048828125,5.72265625
1307,89.7080078125,54.5322265625,5.732421875
1321,86.994140625,54.794921875,5.72265625
1335,86.2021484375,54.9619140625,5.72265625
1349,87.2177734375,55.2841796875,5.99609375
1363,89.5517578125,55.6357421875,5.986328125
1377,88.21484375,55.7333984375,5.986328125
1391,89.6787109375,58.2333984375,5.9765625
1406,91.2509765625,58.6240234375,5.986328125
1421,91.6708984375,59.2685546875,6.2607421875
1436,93.5068359375,59.6396484375,6.2607421875
1451,91.0751953125,60.2353515625,6.259765625
1466,151.369140625,60.4990234375,6.279296875
1481,91.7001953125,61.0263671875,6.54296875
1496,88.8974609375,61.5537109375,6.54296875
1512,88.8095703125,62.326171875,6.552734375
1528,98.791015625,62.8427734375,6.5234375
1544,90.646484375,63.1064453125,6.787109375
1560,91.0859375,63.7412109375,6.787109375
1576,90.71484375,64.1904296875,6.767578125
1592,92.39453125,77.345703125,6.767578125
1609,95.509765625,65.7333984375,7.03125
1626,100.3720703125,75.1376953125,7.021484375
1643,111.7978515625,73.3017578125,8.447265625
1660,103.576171875,91.0166015625,8.5556640625
1677,103.556640625,68.712890625,7.3046875
1694,96.8759765625,69.5712890625,7.294921875
1712,103.8193359375,93.1953125,8.916015625
1730,105.24609375,88.791015625,7.578125
1748,140.978515625,95.3232421875,8.916015625
1766,203.79296875,71.1044921875,7.548828125
1784,100.05078125,72.2275390625,7.5390625
1803,100.822265625,73.3798828125,7.8125
1822,102.1015625,80.6259765625,7.802734375
1841,114.171875,152.580078125,7.8125
1860,105.3427734375,83.3310546875,9.697265625
1879,139.8662109375,75.9384765625,8.076171875
1898,106.525390625,82.1689453125,8.076171875
1918,105.998046875,83.6435546875,9.6875
1938,113.087890625,104.8837890625,10.21484375
1958,106.818359375,106.28125,9.580078125
1978,107.345703125,87.9013671875,9.765625
1998,110.3828125,81.544921875,8.6328125
2019,118.498046875,95.4794921875,10.1474609375
2040,113.3896484375,113.05859375,10.46875
2061,192.5029296875,84.0634765625,8.9267578125
2082,115.65625,83.3505859375,8.92578125
2104,115.734375,96.2607421875,10.7529296875
2126,163.1865234375,116.1240234375,10.537109375
2148,126.984375,115.71484375,10.693359375
2170,121.65234375,118.146484375,10.693359375
2192,124.3671875,121.73046875,12.236328125
2215,124.845703125,125.1484375,12.32421875
2238,124.69921875,128.703125,12.3828125
2261,124.6015625,176.9365234375,9.70703125
2284,131.486328125,93.4580078125,9.7275390625
2308,126.720703125,92.8330078125,9.9609375
2332,126.92578125,95.236328125,9.9609375
2356,130.65625,94.9228515625,9.990234375
2380,128.087890625,97.443359375,10.25390625
2405,132.248046875,96.6328125,10.234375
2430,132.7373046875,99.513671875,10.234375
2455,132.82421875,98.9658203125,10.48828125
2480,135.294921875,121.662109375,11.220703125
2506,137.8828125,137.833984375,12.822265625
2532,139.5234375,113.751953125,10.76171875
2558,137.7177734375,104.34765625,10.751953125
2584,137.9130859375,104.318359375,11.025390625
2611,140.1982421875,104.34765625,11.025390625
2638,142.8544921875,108.2236328125,11.3876953125
2665,146.017578125,145.001953125,11.3486328125
2692,143.5078125,107.74609375,11.5625
2720,148.83984375,121.984375,11.533203125
2748,148.60546875,111.154296875,11.5234375
2776,157.0634765625,112.267578125,11.884765625
2805,158.5185546875,112.8046875,11.9140625
2834,156.1845703125,113.6640625,12.1875
2863,156.3896484375,116.76953125,12.16796875
2892,154.1826171875,117.296875,12.431640625
2922,156.056640625,117.443359375,12.3544921875
2952,159.8369140625,118.302734375,12.587890625
2982,160.6865234375,118.76171875,12.59765625
3013,159.26953125,120.0703125,12.880859375
3044,161.9072265625,121.525390625,12.919921875
3075,174.9736328125,122.765625,13.193359375
3107,172.4736328125,124.4755859375,13.26171875
3139,187.953125,125.880859375,13.544921875
3171,170.861328125,126.955078125,13.544921875
3204,198.4306640625,128.380859375,13.80859375
3237,174.2705078125,130.099609375,13.76953125
3270,176.1748046875,131.115234375,14.0439453125
3304,176.1259765625,132.6982421875,14.0234375
3338,177.4736328125,134.73828125,14.3466796875
3372,183.3818359375,162.4150390625,14.3369140625
3407,184.53515625,138.283203125,14.6201171875
3442,188.2548828125,136.7109375,14.53125
3477,188.6943359375,138.60546875,14.8046875
3513,189.5634765625,140.79296875,14.8046875
3549,192.1123046875,142.2001953125,15.029296875
3585,195.7158203125,141.623046875,15.2646484375
3622,195.970703125,162.9423828125,15.302734375
3659,197.7958984375,146.2138671875,15.595703125
3696,202.19140625,146.65234375,15.517578125
3734,234.095703125,148.6455078125,15.87890625
3772,213.55859375,151.8974609375,15.9375
3811,212.5322265625,151.388671875,16.142578125
3850,212.1611328125,153.7822265625,16.40625
3889,216.908203125,153.5966796875,16.376953125
3929,228.1767578125,156.9560546875,16.728515625
3969,224.154296875,158.7421875,17.1298828125
4010,241.48828125,160.7939453125,17.021484375
4051,228.861328125,160.2568359375,17.177734375
4092,233.744140625,165.1005859375,17.3251953125
4134,235.326171875,209.427734375,17.67578125
4176,234.359375,166.564453125,17.8515625
4219,234.095703125,167.9423828125,17.724609375
4262,246.5078125,169.6220703125,18.1650390625
4306,250.873046875,170.6962890625,18.3701171875
4350,248.6171875,173.7138671875,18.28125
4394,249.6328125,174.1923828125,18.53515625
4439,250.765625,175.2275390625,18.76953125
4484,252.259765625,176.6533203125,19.0625
4530,254.544921875,178.1767578125,19.0830078125
4576,256.95703125,184.4267578125,19.5029296875
4623,258.197265625,185.0615234375,19.736328125
4670,262.8955078125,188.6259765625,19.70703125
4718,264.2138671875,187.5712890625,19.8837890625
4766,270.4833984375,189.88671875,20.263671875
4815,292.3388671875,192.5029296875,20.5771484375
4864,285.8837890625,194.0458984375,20.6640625
4914,335.1416015625,193.6259765625,20.8203125
4964,279.4189453125,196.7216796875,21.15234375
5015,285.9033203125,201.810546875,21.7197265625
5066,291.1474609375,202.0244140625,21.7880859375
5118,295.091796875,208.1083984375,21.69921875
5170,298.4326171875,218.8896484375,22.1875
5223,297.5439453125,207.943359375,22.4130859375
5276,299.7998046875,209.1240234375,22.548828125
5330,306.4990234375,214.4853515625,23.095703125
5384,308.7158203125,242.34765625,23.3896484375
5439,332.9052734375,216.537109375,23.1640625
5494,346.001953125,219.3876953125,23.720703125
5550,316.578125,220.94140625,24.9814453125
5607,325.0439453125,228.28515625,24.3271484375
5664,326.7919921875,224.4267578125,24.580078125
5722,337.7685546875,233.83203125,24.755859375
5780,339.5078125,228.8408203125,25.078125
5839,395.73828125,233.431640625,25.4013671875
5898,339.2822265625,247.083984375,25.771484375
5958,342.935546875,235.0625,25.8896484375
6019,351.7236328125,237.26953125,26.23046875
6080,352.828125,241.419921875,26.54296875
6142,360.8359375,244.69140625,26.66015625
6205,357.203125,252.6708984375,26.884765625
6268,363.130859375,247.904296875,27.20703125
6332,365.455078125,250.140625,27.5390625
6396,369.8203125,252.201171875,27.83203125
6461,386.373046875,257.07421875,28.4482421875
6527,380.3681640625,260.31640625,28.564453125
6593,397.22265625,258.98828125,29.3271484375
6660,409.869140625,264.017578125,29.931640625
6728,390.318359375,265.287109375,30.01953125
6796,397.505859375,270.19921875,30.634765625
6865,405.3388671875,269.5654296875,30.7041015625
6935,422.1162109375,272.58203125,31.103515625
7006,412.4384765625,276.1865234375,40.3515625
7077,403.82421875,277.4169921875,31.865234375
7149,423.9521484375,291.4296875,32.197265625
7222,426.677734375,288.744140625,32.5791015625
7295,421.8427734375,304.9365234375,33.4384765625
7369,444.3330078125,291.7431640625,33.779296875
7444,427.9951171875,293.8427734375,34.140625
7520,445.2314453125,373.328125,34.4248046875
7596,460.359375,300.7470703125,34.6787109375
7673,442.0966796875,301.7041015625,35.01953125
7751,447.908203125,303.5888671875,35.5869140625
7830,455.8955078125,314.0966796875,36.1240234375
7910,458.0048828125,312.9248046875,36.7294921875
7990,458.77734375,313.5888671875,36.865234375
8071,461.541015625,318.1787109375,37.548828125
8153,473.162109375,326.802734375,38.544921875
8236,484.021484375,349.615234375,38.3896484375
8320,477.986328125,325.796875,38.603515625
8405,485.173828125,330.884765625,39.2392578125
8490,491.8046875,339.234375,39.931640625
8576,492.1767578125,338.51171875,40.41015625
8663,504.34375,342.017578125,40.8203125
8751,503.796875,344.7421875,41.09375
8840,506.609375,352.154296875,41.7978515625
8930,515.1455078125,352.427734375,42.1484375
9021,539.8037109375,359.439453125,42.65625
9113,526.2099609375,368.0234375,43.2529296875
9206,525.9658203125,363.072265625,43.5546875
9299,537.7431640625,365.962890625,44.3759765625
9393,542.1572265625,381.802734375,44.8251953125
9488,545.7705078125,378.35546875,46.2509765625
9584,551.8544921875,380.591796875,46.337890625
9681,567.5966796875,383.8046875,46.953125
9779,597.109375,385.81640625,47.0224609375
9878,565.95703125,390.4658203125,47.5400390625
9978,579.775390625,393.990234375,47.9306640625
10079,588.994140625,396.724609375,48.5751953125
10181,606.728515625,399.2451171875,49.2880859375
10284,599.04296875,446.287109375,49.8349609375
10388,588.26171875,414.0791015625,50.3330078125
10493,602.060546875,613.759765625,74.3076171875
10599,617.4228515625,415.0654296875,51.2021484375
10707,622.197265625,435.466796875,52.1884765625
10816,632.65625,425.4853515625,52.7744140625
10926,642.8427734375,444.7626953125,53.6142578125
11037,650.0009765625,435.9833984375,67.4130859375
11149,651.484375,439.4013671875,54.7568359375
11262,727.6279296875,468.611328125,54.8740234375
11376,644.6005859375,444.5771484375,55.6748046875
11491,635.0302734375,449.5576171875,57.1689453125
11608,663.9765625,477.322265625,57.0419921875
11726,680.5576171875,470.1640625,58.4189453125
11845,742.8720703125,485.994140625,58.4482421875
11965,714.005859375,469.509765625,60.3134765625
12086,706.671875,472.46875,59.5224609375
12209,723.869140625,476.990234375,60.1962890625
12333,709.982421875,509.431640625,60.7822265625
12458,745.060546875,487.810546875,61.6416015625
12584,737.62890625,504.0126953125,63.1162109375
12712,746.017578125,507.517578125,63.3212890625
12841,738.78125,502.927734375,64.6689453125
12971,760.177734375,513.23046875,64.5419921875
13103,765.0810546875,519.1875,65.1962890625
13236,763.537109375,521.6787109375,66.7099609375
13370,779.8076171875,523.3486328125,66.5830078125
13506,779.3974609375,527.1083984375,68.3310546875
13643,794.3984375,667.5107421875,68.8193359375
13781,801.9853515625,538.5537109375,69.8251953125
13921,800.0615234375,543.3876953125,70.0302734375
14062,821.9072265625,568.8173828125,71.3388671875
14205,828.59765625,629.1513671875,71.1435546875
14349,845.27734375,573.3291015625,73.146484375
14494,864.7900390625,567.75390625,72.9599609375
14641,849.7109375,590.25390625,75.3330078125
14789,958.0224609375,615.244140625,74.7666015625
14939,882.66015625,637.86328125,76.134765625
15090,899.8193359375,589.58984375,90.001953125
15243,892.3974609375,621.7880859375,78.7509765625
15397,919.7119140625,740.423828125,79.4541015625
15553,939.732421875,609.990234375,79.5908203125
15711,916.8408203125,634.2685546875,81.3486328125
15870,930.42578125,621.5146484375,80.490234375
16031,953.8828125,707.658203125,83.8681640625
16193,948.6875,635.8408203125,82.6376953125
16357,972.7890625,642.5693359375,84.30859375
16523,963.775390625,671.7001953125,86.7685546875
16690,989.0400390625,896.6943359375,92.08203125
16859,1011.8623046875,916.490234375,92.443359375
17030,1006.9306640625,671.9052734375,105.1279296875
17203,1043.9912109375,685.1767578125,91.0166015625
17377,1041.794921875,692.345703125,91.515625
17553,1042.48828125,958.70703125,95.20703125
17731,1041.6376953125,693.48828125,90.94921875
17911,1042.302734375,740.9697265625,91.564453125
18092,1053.484375,694.0927734375,93.0087890625
18275,1062.830078125,714.5224609375,102.98046875
18460,1070.5537109375,743.68359375,94.484375
18647,1113.0361328125,757.9326171875,93.5654296875
18836,1122.3232421875,778.5185546875,95.021484375
19027,1158.8076171875,773.0009765625,95.4609375
19220,1125.9755859375,772.3759765625,103.09765625
19415,1137.2646484375,762.2685546875,96.8671875
19612,1154.6669921875,774.3779296875,97.052734375
19811,1146.3759765625,779.2998046875,95.67578125
20012,1176.09375,805.2177734375,98.1552734375
20215,1207.080078125,818.763671875,99.23046875
20420,1210.9765625,1088.162109375,107.775390625
20627,1127.0595703125,2367.8701171875,106.740234375
20836,1144.2666015625,1120.564453125,156.5546875
21047,1149.8134765625,1125.9072265625,109.42578125
21260,1177.587890625,810.130859375,103.869140625
21475,1250.5380859375,874.4580078125,104.865234375
21692,1269.9716796875,838.216796875,106.359375
21912,1271.4267578125,855.912109375,109.0732421875
22134,1295.3330078125,878.265625,108.146484375
22358,1308.01953125,882.201171875,110.8125
22584,1337.6103515625,888.4716796875,112.3447265625
22813,1317.736328125,903.2470703125,114.044921875
23044,1337.43359375,904.029296875,114.25
23277,1495.9423828125,979.46875,118.234375
23513,1376.1650390625,928.4423828125,117.306640625
23751,1421.0390625,1001.4326171875,121.53515625
23991,1420.013671875,985.59375,119.85546875
24234,1447.58203125,969.01953125,121.642578125
24479,1435.66796875,1001.3837890625,122.6484375
24727,1507.8662109375,1378.4599609375,125.59765625
24977,1493.1591796875,1074.24609375,125.6953125
25230,2479.5615234375,1340.294921875,132.892578125
25485,1450.5029296875,2587.9912109375,136.9951171875
25743,2216.0126953125,2199.8798828125,134.93359375
26004,1990.5693359375,1322.384765625,131.515625
26267,1788.3681640625,1106.560546875,136.5263671875
26533,1561.001953125,1122.0595703125,132.912109375
26802,1623.8740234375,1047.966796875,137.6689453125
27073,1672.52734375,1124.1494140625,137.033203125
27347,1632.78125,1116.1015625,139.240234375
27624,1677.2041015625,1201.6689453125,140.626953125
27904,1642.4580078125,1144.0908203125,142.5224609375
28186,1657.4296875,1157.6650390625,144.298828125
28471,1686.5703125,1273.0478515625,145.2861328125
28759,1745.2236328125,1233.8974609375,147.6591796875
29050,1724.275390625,1156.0341796875,149.3095703125
29344,1719.4619140625,1182.5,153.7138671875
29641,1777.041015625,1613.2880859375,158.009765625
29941,2112.0263671875,1548.736328125,152.404296875
30244,2079.4384765625,1220.830078125,155.314453125
30550,1911.97265625,1246.7392578125,165.470703125
30859,1835.1083984375,1260.3134765625,159.1533203125
31171,1961.01953125,1960.36328125,167.873046875
31486,2382.412109375,1330.939453125,162.3955078125
31805,1888.1162109375,1267.2275390625,164.4169921875
32127,1926.701171875,1281.49609375,166.349609375
32452,1957.0732421875,1289.3955078125,225.736328125
32780,1930.2080078125,1314.0927734375,170.5693359375
33112,1979.591796875,1289.9033203125,173.5869140625
33447,2026.126953125,1320.138671875,175.2080078125
33785,2038.75390625,1317.794921875,175.8330078125
34127,2159.703125,1531.0498046875,196.2041015625
34472,2100.0830078125,1408.6162109375,178.7041015625
34821,2168.8740234375,1398.6162109375,179.8564453125
35173,2118.697265625,1571.1298828125,178.8408203125
35529,2241.041015625,1444.232421875,182.7177734375
35888,2195.25,1436.3505859375,197.8837890625
36251,2142.076171875,3144.81640625,459.1083984375
36618,2247.5751953125,1621.666015625,184.3291015625
36988,2282.0478515625,2073.1396484375,196.859375
37362,2304.6572265625,1735.90625,188.9482421875
37740,2254.1181640625,1649.9384765625,190.1787109375
38122,2286.9404296875,1553.990234375,192.4736328125
38508,2450.2724609375,1694.2373046875,193.861328125
38897,2379.931640625,1579.8310546875,196.7314453125
39290,2343.5244140625,1589.48828125,198.8515625
39687,2417.6171875,1604.9384765625,206.01953125
40088,2499.435546875,1603.1025390625,203.67578125
40493,2444.5419921875,1684.607421875,264.6142578125
40903,3088.947265625,1539.56640625,203.5869140625
41317,2519.3369140625,1562.115234375,209.9638671875
41735,2547.140625,1583.3857421875,212.8935546875
42157,2580.1103515625,1641.31640625,215.43359375
42583,2677.71875,1731.611328125,222.748046875
43014,2677.19140625,2335.4677734375,381.7939453125
43449,3705.0498046875,1737.3623046875,222.11328125
43888,2687.7978515625,1769.3935546875,260.42578125
44332,2675.8056640625,1769.814453125,227.416015625
44780,2720.376953125,1793.076171875,230.98046875
45233,2735.9228515625,1838.740234375,233.05078125
45690,3423.7880859375,1888.234375,256.830078125
46152,2922.7041015625,1916.701171875,238.3046875
46619,3035.9375,2037.7568359375,262.0546875
47090,3048.3994140625,1987.4931640625,358.2666015625
47566,2888.6611328125,1800.4873046875,245.7177734375
48047,3048.9951171875,1877.2763671875,247.81640625
48533,2947.1376953125,1961.5654296875,253.9697265625
49024,3007.431640625,1948.224609375,257.25
49520,2995.3515625,1969.7001953125,260.189453125
50021,3004.677734375,1977.3173828125,258.041015625
50527,3012.96875,3382.896484375,303.3935546875
51038,3266.7138671875,2114.6240234375,272.669921875
51554,3540.6435546875,2345.3798828125,337.5048828125
52075,3220.130859375,1980.189453125,267.2216796875
52602,3178.4990234375,2040.31640625,290.9423828125
53134,3235.873046875,2099.4384765625,282.40625
53671,3280.62890625,2099.5361328125,292.591796875
54214,3271.7626953125,2155.142578125,286.68359375
54762,3399.5185546875,2197.7109375,282.85546875
55316,3385.6123046875,2208.3076171875,285.6884765625
55875,3459.197265625,2271.765625,288.5302734375
56440,3942.3291015625,2314.2861328125,291.0693359375
57011,3470.994140625,2332.4892578125,293.9990234375
57587,3570.2236328125,2583.5673828125,306.2939453125
58169,3617.2958984375,2342.5087890625,299.7509765625
58757,3679.0634765625,2391.2685546875,302.4169921875
59351,3735.373046875,2407.1484375,318.7451171875
59951,4030.603515625,2743.2958984375,322.5146484375
60557,3762.4541015625,2487.16015625,317.3388671875
61169,3814.3681640625,2559.0166015625,346.041015625
61787,3758.8701171875,2426.1923828125,324.3125
62412,3753.8798828125,2697.2412109375,321.353515625
63043,4052.7509765625,2868.337890625,360.904296875
63680,4424.603515625,2780.5126953125,333.4619140625
64324,4131.97265625,3007.36328125,712.794921875
64974,4020.828125,2753.08203125,336.1083984375
65631,3980.4560546875,2583.6162109375,345.5712890625
66294,4075.857421875,2611.302734375,347.740234375
66964,3917.2509765625,2644.9052734375,350.640625
67641,4091.580078125,2725.5625,353.375
68325,4161.42578125,2729.8583984375,355.728515625
69016,4241.7978515625,2791.275390625,421.3642578125
69714,7092.0302734375,3903.5595703125,361.0703125
70419,4543.951171875,3014.5029296875,365.23046875
71131,4378.341796875,2955.4482421875,425.5927734375
71850,4586.8427734375,2939.5390625,370.3876953125
72576,4542.7001953125,3094.19140625,395.7001953125
73310,4615.259765625,2975.7421875,381.138671875
74051,4717.712890625,3008.3779296875,383.248046875
74799,4728.15234375,2886.62890625,383.990234375
75555,4650.0947265625,3242.0546875,391.275390625
76319,4886.525390625,3080.9580078125,397.8779296875
77090,4825.810546875,3107.7265625,398.4248046875
77869,4815.4111328125,3134.6591796875,410.3388671875
78656,4944.8955078125,3174.7490234375,592.294921875
79451,4844.3076171875,3400.8271484375,433.7470703125
80254,4994.0859375,3247.23046875,496.3935546875
81065,4947.6279296875,3477.3623046875,422.3310546875
81884,5091.0498046875,3454.7529296875,440.1533203125
82712,5125.025390625,3484.2373046875,439.8701171875
83548,5297.2236328125,4175.908203125,523.513671875
84392,5270.251953125,6369.673828125,539.9306640625
85245,5303.7958984375,3606.42578125,664.5908203125
86107,5458.5166015625,3437.447265625,462.1552734375
86977,5348.22265625,3536.62109375,448.0244140625
87856,5520.0009765625,3547.0009765625,459.9384765625
88744,5489.650390625,3623.046875,462.5361328125
89641,5610.931640625,3665.87890625,464.44140625
90547,5803.6279296875,3666.80859375,489.3251953125
91462,5845.30078125,5571.1640625,636.1435546875
92386,6159.0556640625,4173.6904296875,497.927734375
93320,5735.5732421875,3822.34765625,482.78125
94263,6046.1708984375,4015.505859375,489.431640625
95216,5926.5712890625,3837.42578125,497.7919921875
96178,6089.2587890625,4038.9814453125,500.046875
97150,6185.0419921875,3973.140625,504.841796875
98132,6147.6103515625,4320.65625,515.7021484375
99124,6185.677734375,4057.673828125,516.3564453125
100126,6371.8994140625,4053.8837890625,521.8447265625
101138,6456.7744140625,4153.5556640625,526.5908203125
102160,6423.015625,4162.0693359375,541.2978515625
103192,6507.9091796875,4349.1328125,560.654296875
104235,6507.4990234375,4261.5341796875,543.9833984375
105288,6737.6298828125,4074.8408203125,572.4697265625
106352,6506.6591796875,4333.7421875,549.677734375
107427,6735.9599609375,4337.7861328125,561.1708984375
108513,7288.5849609375,4675.1044921875,668.6240234375
109610,6970.2802734375,4251.9443359375,566.484375
110718,6844.0380859375,4324.9423828125,580.8095703125
111837,7198.5859375,4601.5390625,760.4423828125
112967,7123.974609375,4571.7744140625,588.525390625
114109,7130.8291015625,9694.259765625,584.4140625
115262,7617.068359375,4715.2236328125,631.2119140625
116427,7312.2568359375,4939.0654296875,603.3203125
117604,7576.83203125,4764.6474609375,920.7080078125
118792,7507.80859375,5333.669921875,620.5771484375
119992,7526.6259765625,6059.6396484375,633.4765625
121205,7725.6044921875,5743.1298828125,627.7734375
122430,7692.6259765625,5955.8388671875,633.2822265625
123667,8232.95703125,5024.4853515625,642.1103515625
124917,7869.015625,5271.052734375,649.9521484375
126179,8228.2578125,5245.6337890625,651.4853515625
127454,9110.0107421875,5405.0595703125,703.80078125
128742,8203.8232421875,5609.134765625,673.0390625
130043,8386.5517578125,5439.5908203125,676.5732421875
131357,8336.3642578125,6373.2294921875,817.396484375
132684,8807.701171875,6236.5078125,705.63671875
134025,8520.373046875,5513.302734375,698.09765625
135379,8580.109375,6384.5478515625,788.1083984375
136747,8916.78515625,6825.4443359375,883.9013671875
138129,8776.294921875,5693.7451171875,718.9375
139525,8925.57421875,5730.81640625,753.0498046875
140935,8920.193359375,5781.9599609375,1064.2255859375
142359,10004.109375,6022.890625,742.12109375
143797,10287.0732421875,6228.029296875,765.275390625
145250,9441.2197265625,7914.0048828125,986.861328125
146718,10093.37890625,7041.6455078125,871.947265625
148201,9846.0498046875,6100.314453125,773.4306640625
149698,9548.484375,6327.642578125,779.9052734375
151211,11472.0126953125,7771.34765625,963.86328125
152739,10892.0234375,6801.7900390625,881.400390625
154282,9870.7080078125,6275.619140625,958.296875
155841,9985.1435546875,6613.2216796875,838.822265625
157416,9990.8955078125,7357.6298828125,1032.01953125
159007,11100.84375,7855.2158203125,930.6591796875
160614,11894.140625,9848.2939453125,970.85546875
162237,10885.6064453125,7875.939453125,879.8974609375
163876,11951.142578125,8190.0146484375,1007.4765625
165532,11796.541015625,8432.12890625,1211.787109375
167205,10728.3583984375,8996.357421875,1055.359375
168894,10768.3203125,6862.484375,881.4990234375
170601,11331.8447265625,9230.453125,958.4921875
172325,11551.02734375,7867.521484375,898.4814453125
174066,11092.5458984375,7211.904296875,934.3310546875
175825,11127.8974609375,7087.1162109375,913.501953125
177602,11483.185546875,7007.8095703125,924.4677734375
179396,11649.447265625,7988.0986328125,1118.435546875
181209,11542.8642578125,6845.0224609375,949.205078125
183040,11773.4521484375,8595.47265625,1169.970703125
184889,11861.0439453125,7592.8486328125,1001.1494140625
186757,11949.521484375,9331.7626953125,1406.87890625
188644,13001.0791015625,9603.0185546875,1058.357421875
190550,12367.1953125,7870.021484375,1139.0224609375
192475,12834.2509765625,8810.5048828125,1373.9384765625
194420,12287.2900390625,8032.3583984375,1060.65234375
196384,13481.83984375,8467.5322265625,1088.3974609375
198368,13578.2880859375,8982.6748046875,1293.01953125
200372,13528.060546875,8787.4375,1102.380859375
202396,14523.517578125,12377.625,1230.41015625
204441,13300.4423828125,8653.6552734375,1274.0732421875
206507,13619.087890625,8971.1923828125,1159.0712890625
208593,13437.0849609375,8659.6728515625,1135.5166015625
210701,13560.0830078125,9182.21875,1249.2197265625
212830,13817.3330078125,8945.623046875,1101.82421875
214980,13807.0234375,8987.001953125,1144.6083984375
217152,14541.0859375,8997.0029296875,1139.47265625
219346,14757.2919921875,10271.5244140625,1524.2724609375
221562,16206.7197265625,10508.451171875,1144.3642578125
223801,14385.4677734375,9106.3115234375,1177.861328125
226062,14903.80859375,10836.4853515625,1533.7265625
228346,15712.9814453125,9608.4189453125,1180.166015625
230653,16215.52734375,9421.67578125,1200.95703125
232983,16162.29296875,9647.5390625,1251.50390625
235337,15876.1298828125,10964.478515625,1411.986328125
237715,15627.912109375,10114.548828125,1259.3173828125
240117,16040.6328125,9914.037109375,1450.5126953125
242543,15745.6376953125,10323.5361328125,1273.791015625
244993,16375.6953125,9731.17578125,1335.5
247468,15864.0283203125,10215.763671875,1304.7578125
249968,20857.458984375,10173.1845703125,1283.6923828125
252493,16179.6884765625,10706.630859375,1308.205078125
255044,18952.2333984375,11573.6357421875,1310.001953125
257621,17479.10546875,12088.5087890625,1874.19140625
260224,17550.568359375,11455.4609375,1451.205078125
262853,17178.4921875,11419.6298828125,1645.8359375
265509,17544.33984375,12346.7744140625,1515.4443359375
268191,17182.369140625,11351.015625,1696.931640625
270901,17116.13671875,11198.2587890625,1404.4755859375
273638,17434.287109375,10741.07421875,2482.8037109375
276403,17951.865234375,12099.6025390625,1561.79296875
279195,19449.2705078125,12966.41015625,2097.2900390625
282016,18213.6669921875,12359.9375,1590.7587890625
284865,19158.6630859375,12951.7431640625,1669.36328125
287743,18737.0537109375,11472.9892578125,1516.9775390625
290650,20123.7646484375,16138.42578125,1598.0537109375
293586,19974.22265625,12634.4072265625,1560.318359375
296552,19022.673828125,19029.001953125,1612.1259765625
299548,18912.1728515625,12415.2607421875,1544.9462890625
302574,21663.4873046875,15238.5107421875,2136.1669921875
305631,21016.7900390625,13334.38671875,1770.0576171875
308719,20005.5888671875,14851.119140625,1691.0615234375
311838,20524.0859375,14229.8037109375,1822.75390625
314988,21182.1123046875,12827.7099609375,1637.1748046875
318170,20361.0146484375,15541.328125,1638.2109375
321384,20338.2041015625,13506.20703125,1650.1337890625
324631,20915.8681640625,17246.5498046875,1969.9833984375
327911,20923.97265625,13373.08984375,1702.693359375
331224,21319.7998046875,14193.6865234375,1703.005859375
334570,21767.240234375,14516.515625,1800.146484375
337950,21638.271484375,13805.4189453125,1755.87890625
341364,22084.4140625,15509.5595703125,3173.458984375
344813,22886.6611328125,15169.3388671875,1858.869140625
348296,22951.046875,14689.232421875,1862.5400390625
351815,23786.3251953125,15958.5205078125,2008.705078125
355369,23938.9931640625,16858.751953125,2153.4736328125
358959,23081.625,14581.857421875,1884.513671875
362585,23912.09765625,14942.6533203125,1947.1025390625
366248,26382.8916015625,15027.099609375,1949.3876953125
369948,28154.6669921875,15337.8759765625,1973.2060546875
373685,29412.35546875,16054.2080078125,1923.888671875
377460,24347.5546875,15897.251953125,1974.2705078125
381273,28283.5654296875,15389.0703125,1974.435546875
385125,26800.84765625,15430.623046875,2081.0986328125
389016,32158.4833984375,17112.50390625,2170.2021484375
392946,29604.0078125,16899.4853515625,2025.3642578125
396916,26175.2314453125,16428.2373046875,2061.9677734375
400926,27201.7421875,17228.26953125,2087.9931640625
404976,30742.9130859375,17371.0244140625,2618.3046875
409067,30311.626953125,16661.236328125,2104.0869140625
413199,30355.5947265625,16938.341796875,2164.3125
417373,32832.67578125,16885.732421875,2227.7021484375
421589,31521.2548828125,17249.490234375,2225.7783203125
425848,29742.6923828125,26124.068359375,2951.767578125
430150,32490.6083984375,16974.220703125,2268.572265625
434495,30146.154296875,18246.5966796875,2244.0400390625
438884,33725.1123046875,18026.2880859375,2333.57421875
443318,30172.4736328125,18042.763671875,2323.4169921875
447796,30375.6025390625,18962.88671875,2329.1396484375
452320,29682.3876953125,18761.4873046875,2402.060546875
456889,29280.18359375,19463.9033203125,2415.5185546875
461505,29765.826171875,18669.1533203125,2417.431640625
466167,29884.0615234375,19012.0205078125,2517.208984375
470876,30976.7265625,19881.02734375,2448.0478515625
475633,30757.2783203125,20669.5146484375,2464.5712890625
480438,31418.041015625,24987.59375,2700.619140625
485291,31424.232421875,23032.1328125,2519.259765625
490193,32234.958984375,20331.74609375,2537.4052734375
495145,33447.87890625,21688.05859375,2587.1708984375
500147,33316.2451171875,24015.302734375,2781.685546875
505199,34334.6220703125,20971.8955078125,2717.3291015625
510303,33526.083984375,23290.6826171875,3809.544921875
515458,33362.5244140625,21293.5791015625,2761.8115234375
520665,33591.884765625,22049.7646484375,3551.171875
525925,35040.5498046875,22096.39453125,2751.109375
531238,34369.9931640625,25357.9921875,2774.80078125
536605,36005.439453125,22977.81640625,3238.87109375
542026,34779.404296875,22458.51953125,2896.6396484375
547502,35443.8974609375,22444.046875,3155.7939453125
553033,35560.16015625,23064.896484375,4879.7861328125
558620,36087.609375,24533.65234375,3188.3427734375
564263,36873.6083984375,24740.9306640625,3199.4169921875
569963,36419.9599609375,23515.4404296875,4145.01953125
575721,37504.91796875,23768.736328125,3509.7451171875
581537,37738.0947265625,24399.634765625,4070.4775390625
587412,37949.8359375,25141.1904296875,3314.7998046875
593346,38332.2529296875,27708.0009765625,3782.3466796875
599340,42404.6171875,29398.1552734375,3404.4404296875
605394,38946.26953125,26318.2998046875,4899.25
611510,40321.56640625,26586.4189453125,3534.5009765625
617687,39445.4375,28500.611328125,3562.8994140625
623927,40882.9609375,33392.400390625,3518.89453125
630230,43337.5810546875,34256.9638671875,3814.3486328125
636596,41618.2666015625,29759.703125,3993.5908203125
643027,41796.0615234375,32496.359375,3364.9482421875
649523,42157.40625,33058.17578125,3603.76953125
656084,42637.58984375,33849.80859375,3868.404296875
662712,43174.0341796875,30601.630859375,3638.2724609375
669407,43401.791015625,32783.11328125,3933.1298828125
676169,43523.6494140625,33184.96484375,3923.5888671875
682999,45676.3701171875,41167.9755859375,3792.5517578125
689898,49151.2783203125,31871.9541015625,3734.54296875
696867,44618.9599609375,32409.580078125,3725.9501953125
703907,45941.8427734375,33422.13671875,3884.3115234375
711018,46142.24609375,34085.837890625,4438.9501953125
718201,47770.7890625,35200.603515625,4493.7060546875
725456,47158.775390625,34194.396484375,4212.421875
732784,48312.8955078125,31836.90625,4069.6162109375
740186,49419.703125,32652.2021484375,4015.5546875
747663,48275.384765625,36271.060546875,4231.9931640625
755216,52336.96484375,35307.7431640625,4450.4443359375
762845,49295.9189453125,32130.1728515625,4364.5625
770551,57414.98828125,33375.2216796875,4546.4794921875
778335,50812.8994140625,33526.7080078125,4457.3681640625
786197,52690.1474609375,36534.150390625,4740.271484375
794139,53160.3212890625,37827.609375,4720.2421875
802161,52692.595703125,38969.443359375,5113.130859375
810264,53053.638671875,32202.1552734375,4564.8701171875
818449,53164.744140625,34103.4365234375,4818.9267578125
826717,53501.771484375,34553.9130859375,4754.53125
835068,54276.3642578125,36788.7255859375,4787.6748046875
843504,57200.619140625,34634.6376953125,5015.6962890625
852025,55746.8544921875,41347.7353515625,6090.2646484375
860632,56139.7734375,38292.3046875,5627.2109375
869326,59869.587890625,38423.908203125,5497.1220703125
878108,57574.8076171875,37232.2490234375,5325.4287109375
886978,66237.5048828125,36479.51171875,5105.5908203125
895938,59594.7685546875,37081.90234375,5320.5556640625
904988,58796.7890625,44904.4326171875,6481.3369140625
914130,60272.91796875,42874.486328125,6065.8984375
923364,60468.7197265625,36630.8212890625,5303.962890625
932691,63563.61328125,37494.908203125,5872.2158203125
942113,65520.4619140625,38292.7333984375,6054.3564453125
951630,61845.4111328125,40046.599609375,5606.0869140625
961243,63998.0830078125,39959.3896484375,6228.560546875
970953,63091.779296875,43574.75390625,5690.42578125
980761,65189.234375,41497.9716796875,5856.7060546875
990668,68630.2890625,40385.970703125,5921.1015625
