size,current,naive,protty,multi,streaming
8,9.743839039522058,5.20806884765625,6.832305908203125,7.019977072010869,7.25811767578125
16,10.371780395507812,6.11773681640625,6.80145263671875,6.84759521484375,7.295820756392046
24,11.27958984375,6.94757080078125,6.88275146484375,6.80181884765625,7.2535400390625
32,21.900421142578125,8.22073974609375,6.789459228515625,6.00732421875,7.313898259943182
40,9.818029067095589,12.037562779017858,9.458251953125,14.25146484375,13.7889404296875
48,10.3458251953125,11.246044921875,9.4544677734375,14.06195068359375,13.824462890625
56,13.803955078125,15.557639382102273,9.5029296875,13.95098876953125,13.80963134765625
64,16.3984130859375,15.719837535511363,9.4300537109375,14.04510498046875,13.80670166015625
72,9.491411994485293,15.967928799715908,10.37054443359375,13.64556884765625,13.8006591796875
80,10.350494384765625,17.8029052734375,10.29913330078125,13.74224853515625,13.8848876953125
88,12.204398018973214,19.443115234375,10.297760009765625,14.642178622159092,14.208251953125
96,12.063773018973214,21.073974609375,10.3743896484375,13.78564453125,13.80194091796875
104,9.481718175551471,22.989362444196427,11.156689453125,12.806171123798077,13.7999267578125
112,10.352554321289062,24.352608816964285,11.15537109375,12.88916015625,13.80029296875
120,11.237255859375,26.00311748798077,11.146142578125,13.116661658653847,13.80413818359375
128,12.0772705078125,7.843838778409091,11.15595703125,12.883413461538462,13.89678955078125
136,12.631065955528847,9.438232421875,12.040387834821429,12.872934194711538,14.575261896306818
144,12.158726283482142,10.297348022460938,12.014805385044642,12.871243990384615,14.574263139204545
152,16.3742431640625,12.182582310267858,12.394775390625,12.970966045673077,14.605823863636363
160,13.86090087890625,12.201102120535714,12.0179443359375,12.873948317307692,14.594438032670455
168,12.94121844951923,13.71734619140625,12.874117337740385,15.376065340909092,15.449374112215908
176,13.802490234375,15.335915305397727,12.860426682692308,15.508900035511363,15.555042613636363
184,21.62109375,15.706853693181818,12.874624399038462,15.353493430397727,15.555442116477273
192,21.45615234375,16.5251953125,12.962684044471153,15.399236505681818,15.431396484375
200,14.746249112215908,18.149169921875,13.8314208984375,15.473743785511363,16.4190673828125
208,22.35380859375,20.126678466796875,13.728515625,15.366477272727273,16.457080078125
216,17.1028564453125,21.287933349609375,13.7332763671875,15.368474786931818,16.3017333984375
224,17.2496337890625,22.78037109375,13.872802734375,15.36767578125,16.41884765625
232,15.946155894886363,24.125034877232142,14.590642755681818,14.574662642045455,16.5183837890625
240,16.3702880859375,25.776292067307693,14.589444247159092,14.680331143465908,16.28876953125
248,16.39072265625,27.5628662109375,14.692316228693182,14.619007457386363,16.28876953125
256,33.1751953125,11.924246651785714,14.693314985795455,14.692715731534092,16.40478515625
264,20.789703369140625,11.269775390625,15.632546164772727,15.553045099431818,17.2760009765625
272,19.013671875,12.003034319196429,15.431396484375,16.2046142578125,17.1586669921875
280,19.795812270220587,12.95659930889423,15.432195490056818,15.431596235795455,17.1617431640625
288,23.2294921875,13.7347412109375,15.477339311079545,15.552046342329545,17.262158203125
296,21.06024169921875,15.445778586647727,16.93828125,18.046630859375,18.018310546875
304,19.103515625,16.2889892578125,17.83544921875,18.06689453125,18.197998046875
312,23.976248604910715,17.263037109375,17.81201171875,17.92333984375,18.01953125
320,20.773223876953125,18.103759765625,17.94091796875,18.146484375,18.01953125
328,22.48740234375,19.9052734375,17.279296875,18.778564453125,19.0849609375
336,23.293212890625,20.958343505859375,17.2513916015625,18.05615234375,18.879150390625
344,24.067905970982142,22.53046875,17.2768798828125,17.968505859375,19.007080078125
352,27.4954833984375,23.780378069196427,17.14658203125,17.921875,18.9580078125
360,22.36787109375,25.54845252403846,18.01953125,17.145703125,18.876708984375
368,23.532400948660715,26.955322265625,18.152099609375,17.918212890625,18.989501953125
376,29.98348721590909,28.5736083984375,18.017333984375,17.6064697265625,19.0107421875
384,24.959247295673077,13.19086162860577,18.189453125,17.161962890625,18.8759765625
392,26.6737060546875,12.872765174278847,19.227625229779413,18.150146484375,19.7421875
400,25.367262620192307,13.73291015625,19.106129365808822,18.670166015625,19.76220703125
408,28.959228515625,14.773814808238637,18.97216796875,18.55517578125,19.744140625
416,29.692649147727273,15.537264737215908,19.170496323529413,18.146728515625,19.732666015625
424,24.066650390625,17.1621826171875,20.4686279296875,20.643310546875,23.84033203125
432,24.96397986778846,18.020263671875,19.734619140625,20.612548828125,20.903411865234375
440,32.24619140625,19.05224609375,19.909912109375,20.484283447265625,20.72296142578125
448,26.096754807692307,19.750732421875,19.732177734375,20.633148193359375,20.594970703125
456,26.36583533653846,21.46552734375,21.53291015625,20.595245361328125,21.51181640625
464,34.01015625,24.686110276442307,21.37177734375,20.630126953125,21.598828125
472,28.5706787109375,24.114362444196427,20.577667236328125,20.5477294921875,21.615234375
480,31.67538174715909,26.540602463942307,20.59771728515625,20.612274169921875,21.45322265625
488,28.393798828125,26.9366455078125,22.26708984375,19.73974609375,21.589453125
496,33.91083984375,28.41650390625,22.25302734375,19.906982421875,21.455859375
504,30.396173650568183,29.70743075284091,22.41005859375,19.731689453125,21.4611328125
512,28.3883056640625,13.7889404296875,22.41005859375,19.864501953125,21.609375
520,30.360617897727273,14.627796519886363,24.437046595982142,21.4001953125,22.46513671875
528,37.7275390625,15.446377840909092,23.243931361607142,20.57574462890625,22.31337890625
536,30.228382457386363,16.4197265625,24.875751201923077,20.57794189453125,22.47041015625
544,34.766015625,17.246337890625,23.110525948660715,20.722137451171875,22.29140625
552,29.488103693181817,19.101993336397058,23.974051339285715,23.332763671875,23.148507254464285
560,30.084161931818183,19.736572265625,24.130998883928573,23.504778180803573,23.231061662946427
568,32.157421875,20.577667236328125,23.966831752232142,23.171107700892858,23.340297154017858
576,31.035378196022727,21.434765625,23.9677734375,23.565359933035715,23.169852120535715
584,31.125665838068183,23.305454799107142,24.799353966346153,23.171107700892858,25.87128155048077
592,31.82919034090909,24.460588727678573,25.80890625,23.222586495535715,24.194719587053573
600,39.25970818014706,25.38213641826923,25.6222265625,23.087611607142858,24.192522321428573
608,34.650439453125,26.9454345703125,25.8015234375,23.087925502232142,24.035888671875
616,33.668701171875,28.8299560546875,25.857759915865383,22.47099609375,25.76648888221154
624,31.823197798295453,29.87002840909091,25.679274338942307,22.311328125,28.938720703125
632,37.3525390625,31.056951349431817,26.561953125,22.468359375,25.238807091346153
640,33.559716796875,16.49267578125,25.833082932692307,22.4408203125,24.199114118303573
648,33.78076171875,16.315576171875,27.3709716796875,24.136335100446427,24.945725661057693
656,34.412255859375,17.1608642578125,27.4515380859375,24.066964285714285,24.885216346153847
664,35.391357421875,18.0224609375,27.122314453125,23.476213727678573,24.863243689903847
672,41.5799560546875,19.027099609375,26.55040564903846,23.452043805803573,25.04139122596154
680,34.380615234375,20.59881591796875,28.186141304347824,26.286057692307693,26.07207782451923
688,34.526953125,21.59150390625,28.31453804347826,25.90440955528846,25.883451021634617
696,70.505859375,22.35087890625,28.157863451086957,25.920973557692307,26.004469651442307
704,40.12591552734375,23.278145926339285,28.15824558423913,25.898662860576923,25.742149939903847
712,38.796875,24.91259765625,29.47811612215909,26.7711181640625,26.9241943359375
720,37.2509765625,25.785419170673077,29.301935369318183,26.07275390625,26.577110877403847
728,37.88913143382353,27.1109619140625,29.370250355113637,26.9476318359375,26.7703857421875
736,44.503125,28.188720703125,29.30233487215909,26.763427734375,26.577110877403847
744,37.21923828125,30.145285866477273,30.14208984375,26.12684044471154,26.658916766826923
752,46.641043526785715,31.501997514204547,30.378595525568183,25.255033052884617,26.614295372596153
760,49.93134014423077,32.617529296875,30.25235262784091,24.8818359375,26.602801983173077
768,38.9755859375,16.9341064453125,30.29190340909091,25.041729266826923,26.7952880859375
776,47.3203125,18.021728515625,31.174386160714285,26.7725830078125,27.72802734375
784,40.33575439453125,18.88330078125,31.137555803571427,26.068021334134617,27.43505859375
792,47.10435267857143,19.925063189338236,30.957589285714285,27.2435302734375,27.4346923828125
808,39.49029181985294,22.318359375,31.824358258928573,28.4102783203125,28.3172607421875
824,41.372314453125,24.007010323660715,32.13896484375,29.33389559659091,28.3897705078125
840,41.88702392578125,26.7725830078125,33.011279296875,30.323464133522727,29.466530539772727
856,42.9720703125,28.916748046875,32.755517578125,28.699951171875,29.390625
872,52.45582932692308,31.542746803977273,33.78145559210526,28.414306640625,29.17569247159091
888,53.56494140625,35.066162109375,33.609814453125,28.2440185546875,29.14932528409091
904,44.248828125,19.910070082720587,34.80838815789474,29.508478338068183,30.679421164772727
920,54.87890625,21.514453125,34.75704152960526,28.74755859375,30.038219105113637
936,43.876171875,24.153285435267858,35.8095703125,31.88192471590909,31.356977982954547
952,54.126708984375,25.906099759615383,35.25940583881579,31.0517578125,31.190784801136363
968,46.40248325892857,28.32421875,36.33642578125,31.801225142045453,32.354296875
984,48.452845982142854,30.77490234375,36.5302734375,31.642223011363637,31.72012606534091
1000,56.0859375,33.479296875,37.95065487132353,30.815252130681817,31.746892755681817
1016,48.93247767857143,36.0732421875,37.255859375,30.784889914772727,32.011083984375
1032,63.61922940340909,22.0705078125,37.5537109375,32.75419921875,32.83857421875
1048,67.05263671875,24.388706752232142,42.63648986816406,31.102350408380683,32.951953125
1064,81.7635498046875,25.960862379807693,37.9814453125,34.205712890625,33.52060546875
1080,49.85088641826923,28.390869140625,38.2509765625,34.53837890625,33.78515625
1096,50.65339543269231,30.044611150568183,38.5693359375,34.2333984375,34.319970703125
1112,52.4091796875,33.194970703125,38.96605009191177,34.234716796875,34.321728515625
1128,51.68509615384615,35.321923828125,39.90389476102941,34.4390625,34.47861328125
1144,79.8837890625,38.0283203125,40.03582763671875,33.80888671875,34.55244140625
1160,53.674072265625,24.994403545673077,41.85791015625,35.09560546875,36.19189453125
1176,63.51775568181818,25.813814603365383,45.34716796875,34.205712890625,35.186572265625
1192,53.50634765625,27.4793701171875,41.16851806640625,37.025390625,36.36083984375
1208,55.74169921875,29.351873224431817,41.429443359375,36.79833984375,36.10009765625
1224,66.95068359375,32.004052734375,43.1203125,36.447265625,38.001953125
1240,57.564697265625,34.404345703125,42.21551513671875,36.72119140625,37.16552734375
1256,56.389892578125,37.23876953125,43.3541015625,35.94384765625,36.900390625
1272,57.5625,40.05230712890625,43.4390625,36.16943359375,37.0771484375
1288,59.77041903409091,27.226318359375,43.962890625,37.88623046875,38.076171875
1304,60.14515269886363,28.8226318359375,43.9939453125,37.0986328125,37.841796875
1320,68.90185546875,30.55557528409091,44.933203125,39.373046875,38.84869025735294
1336,60.57262073863637,32.705859375,44.644921875,40.13525390625,38.7119140625
1352,86.0765625,34.289208984375,45.96177455357143,39.2421875,40.38739013671875
1368,74.1298828125,36.34814453125,46.000069754464285,39.3896484375,39.69384765625
1384,68.9361328125,39.08349609375,49.54597355769231,38.16162109375,39.75137867647059
1400,77.0986328125,42.545654296875,46.64292689732143,38.51220703125,39.466796875
1416,68.8095703125,29.852849786931817,47.172781808035715,40.18743896484375,40.6834716796875
1432,78.9990234375,30.681019176136363,47.147042410714285,40.5252685546875,40.29840087890625
1448,65.30712890625,32.51689453125,47.99769810267857,42.8466796875,41.4986572265625
1464,65.70791015625,33.863818359375,48.350516183035715,41.99798583984375,41.534912109375
1480,67.55828536184211,36.07373046875,49.142159598214285,42.868359375,42.28033447265625
1496,90.165234375,38.54541015625,49.47025240384615,41.68597412109375,42.1380615234375
1512,67.8884765625,41.5008544921875,49.71228966346154,41.1448974609375,42.352294921875
1528,68.7322265625,43.9166015625,49.66158353365385,41.429443359375,42.35943603515625
1544,69.22353515625,32.672900390625,50.62229567307692,42.807421875,42.922265625
1560,83.8377685546875,33.725830078125,50.64393028846154,42.80859375,42.922265625
1576,79.4091796875,34.34853515625,51.43224158653846,44.6671875,44.03671875
1592,72.625,36.828125,52.04139122596154,44.5640625,43.828125
1616,105.2510516826923,40.06329345703125,52.69381009615385,44.5775390625,44.8529296875
1640,88.1015625,43.62890625,53.16774338942308,44.5470703125,44.9384765625
1664,88.20703125,34.597265625,53.508544921875,44.016796875,44.6255859375
1688,76.3720703125,36.87255859375,54.0234375,45.766531808035715,45.819893973214285
1712,95.20563616071429,38.42724609375,55.03271484375,47.09242466517857,46.75279017857143
1736,77.8564453125,41.48602294921875,56.1767578125,47.182826450892854,48.09877232142857
1760,79.54928768382354,44.7287109375,56.11083984375,48.512486049107146,47.621651785714285
1784,78.96875,49.019112723214285,91.606201171875,47.14076450892857,47.543178013392854
1808,97.89760044642857,38.4169921875,57.378662109375,48.884765625,48.061732700892854
1832,81.3240966796875,40.22698974609375,59.77041903409091,50.12469951923077,49.23294771634615
1856,83.03466796875,41.85296630859375,59.96058238636363,49.65955528846154,49.34382512019231
1880,114.3544921875,45.6087890625,59.58345170454545,49.66090745192308,50.69869290865385
1904,102.99834735576923,50.13078425480769,60.49032315340909,48.843331473214285,49.79274338942308
1928,100.77268629807692,40.58843994140625,61.16628196022727,49.72175480769231,51.00563401442308
1952,107.2880859375,41.73980712890625,61.38920454545455,50.853515625,50.94073016826923
1976,110.22802734375,43.2041015625,62.31365411931818,52.28410456730769,52.32331730769231
2000,102.57106370192308,46.40248325892857,62.78267045454545,52.27396334134615,53.662353515625
2024,114.9755859375,50.01314603365385,63.44984019886363,51.44170673076923,52.88852163461539
2048,111.486328125,43.0341796875,63.9052734375,51.37612680288461,52.34292367788461
2072,105.85546875,44.2998046875,65.48203125,53.11568509615385,53.15760216346154
2096,132.0380859375,45.880161830357146,65.22978515625,55.1572265625,54.47607421875
2120,134.1087890625,47.818777901785715,87.271875,55.7255859375,55.54248046875
2144,96.0908203125,50.89881310096154,88.833984375,57.450439453125,54.963134765625
2168,94.91559709821429,55.2275390625,83.4005126953125,54.06005859375,55.027587890625
2192,110.94287109375,46.629115513392854,70.76212993421052,54.988037109375,55.845703125
2216,146.533203125,48.393833705357146,70.66591282894737,57.440185546875,57.10546875
2240,113.8623046875,50.64054987980769,71.328125,58.69815340909091,57.04248046875
2264,116.10791015625,54.14501953125,69.60498046875,57.602783203125,58.4296875
2288,136.3271484375,57.24462890625,70.3248046875,56.63232421875,57.5595703125
2312,121.5479403409091,48.72719029017857,71.1337890625,58.67258522727273,58.81081321022727
2336,144.20703125,50.46476862980769,71.8642578125,58.21954900568182,58.35697798295455
2360,114.9931640625,52.04409555288461,72.55859375,59.93581321022727,59.23668323863637
2384,103.76502403846153,54.904541015625,72.896484375,59.99014559659091,61.37242542613637
2416,124.45951704545455,59.89666193181818,74.296875,59.14479758522727,61.04643110795455
2448,122.7176846590909,51.39708533653846,74.7607421875,60.52388139204545,61.03125
2480,114.70751953125,53.349609375,112.5966796875,62.98881392045455,62.28488991477273
2512,127.25763494318181,56.838134765625,112.546875,63.41947798295455,63.52015269886363
2544,110.6103515625,61.48908025568182,107.58837890625,61.7255859375,62.64763849431818
2576,111.58154296875,53.792724609375,81.1109619140625,63.85014204545455,63.93084161931818
2608,125.28249289772727,56.29541015625,81.1571044921875,65.1357421875,64.4501953125
2640,125.58611505681819,59.65696022727273,81.8701171875,65.1603515625,65.8142578125
2672,115.85009765625,63.91566051136363,82.614990234375,64.444921875,65.62353515625
2704,116.83380681818181,56.8271484375,83.955322265625,65.99970703125,66.15791015625
2736,138.6017578125,58.35378196022727,84.166259765625,67.7109375,67.47978515625
2768,157.6530330882353,61.34206321022727,83.1280517578125,69.834375,68.3419921875
2800,140.8060546875,66.04541015625,85.972265625,66.79072265625,67.81025390625
2832,122.1024502840909,58.97141335227273,112.99365234375,68.203125,68.67333984375
2864,134.0068359375,61.91654829545455,112.7138671875,70.323046875,70.85126953125
2896,139.9447265625,63.74946732954545,106.37740384615384,70.6798828125,71.16015625
2928,165.12451171875,69.47138671875,107.16796875,69.35888671875,70.32568359375
2960,165.895751953125,61.64488636363637,108.041015625,70.66845703125,71.3203125
2992,158.85546875,63.27485795454545,109.623046875,73.357421875,72.6962890625
3024,140.5265625,66.684375,108.8935546875,73.6328125,73.7314453125
3056,172.22109375,71.5615234375,110.62939453125,72.7783203125,72.939453125
3088,131.3859375,64.8052734375,110.89013671875,73.4755859375,73.830078125
3120,186.19252232142858,65.79404296875,111.15380859375,76.1015625,75.2724609375
3152,166.37255859375,68.0150390625,111.63427734375,76.791015625,77.21875
3184,134.0279296875,74.25390625,113.08740234375,74.5859375,76.0380859375
3224,155.8359375,67.55537109375,115.70361328125,76.7900390625,76.9140625
3264,148.927734375,69.7376953125,115.71240234375,77.9833984375,77.328125
3304,200.94771634615384,73.853515625,116.60369318181819,77.1455078125,79.3916015625
3344,185.31612723214286,69.85986328125,118.48615056818181,78.5,79.4853515625
3384,164.31591796875,71.8828125,119.27716619318181,81.31201171875,80.4605712890625
3424,205.77223557692307,74.2421875,118.65074573863636,80.5638427734375,81.3065185546875
3464,180.7875,72.4931640625,120.99183238636364,81.5504150390625,82.1744384765625
3504,164.810302734375,74.978515625,121.7412997159091,84.3189697265625,82.45458984375
3544,181.725,76.369140625,122.677734375,83.120361328125,83.2972412109375
3584,178.94765625,74.177734375,124.0008877840909,82.8369140625,83.8355712890625
3624,153.27711397058823,77.1640625,126.14382102272727,85.76015625,84.94189453125
3664,180.49921875,79.65234375,125.8370028409091,85.773046875,87.465234375
3704,185.81584821428572,83.9102783203125,126.9891690340909,85.36640625,86.445703125
3744,177.8765625,78.888671875,128.6701171875,86.625,86.73046875
3784,201.26953125,80.580322265625,129.455859375,89.19609375,89.736328125
3824,176.38359375,86.0953125,130.3189453125,88.10390625,88.4296875
3864,190.37862723214286,81.63720703125,132.1013671875,89.192578125,89.59921875
3904,230.6220703125,82.9951171875,132.1435546875,90.828515625,90.20625
3944,218.900390625,86.43515625,135.6099609375,89.977734375,91.5556640625
3984,199.5603966346154,83.5806884765625,134.7310546875,91.634765625,92.47349330357143
4032,195.626953125,86.288671875,135.5765625,93.48172433035714,92.66810825892857
4080,171.965625,90.4640625,137.309765625,92.82882254464286,94.28655133928571
4128,198.88972355769232,87.675,138.1623046875,93.47921316964286,95.02483258928571
4176,257.002734375,90.178125,140.7849609375,96.04436383928571,96.12220982142857
4224,226.787109375,87.985546875,140.600390625,95.32240513392857,96.78390066964286
4272,178.5796875,89.92265625,142.44140625,116.70436789772727,98.89858774038461
4320,203.32481971153845,93.03348214285714,144.5,98.53756009615384,98.771484375
4368,236.89879261363637,90.346875,145.01171875,98.53485576923077,99.60036057692308
4416,227.3173828125,93.09123883928571,145.8671875,101.20537860576923,101.09585336538461
4464,217.8076171875,99.64092548076923,150.09375,100.34134615384616,101.23783052884616
4512,189.580078125,94.92313058035714,149.474609375,101.2391826923077,102.11944110576923
4560,191.75223214285714,97.18694196428571,151.48046875,104.49924879807692,104.61553485576923
4608,225.2021484375,95.44545200892857,150.884765625,103.62845552884616,105.37950721153847
4656,264.244921875,98.51322115384616,152.74609375,106.951171875,105.89197716346153
4704,245.34907670454547,100.56850961538461,153.5859375,106.29221754807692,108.01611328125
4752,218.7099609375,98.83774038461539,156.326171875,107.20751953125,107.24267578125
4808,270.094921875,103.24444110576923,161.268310546875,109.68603515625,109.05029296875
4864,232.1455078125,100.82406850961539,167.8623046875,110.26171875,111.2431640625
4920,255.6306818181818,103.68930288461539,160.58935546875,112.55859375,110.77880859375
4976,255.7361505681818,109.70654296875,162.990966796875,111.3896484375,111.55078125
5032,267.7640625,105.55799278846153,164.256591796875,114.85107421875,113.24267578125
5088,228.9169921875,110.80224609375,164.68505859375,115.47509765625,114.22119140625
5144,282.234375,107.80224609375,166.787841796875,115.1865234375,115.1396484375
5200,278.216015625,112.80615234375,168.205078125,118.66033380681819,117.5752840909091
5256,240.8299005681818,109.69775390625,169.055419921875,116.5301846590909,117.5625
5312,239.66015625,113.15478515625,171.1875,119.0965909090909,118.79137073863636
5368,315.63694852941177,118.45259232954545,171.63515625,119.10138494318181,119.16850142045455
5424,250.42116477272728,115.59814453125,172.85625,122.60901988636364,121.80681818181819
5480,242.7283380681818,118.02272727272727,176.32734375,121.73011363636364,124.23100142045455
5536,250.21342329545453,114.5859375,175.92890625,122.33256392045455,123.58540482954545
5592,283.2046875,118.86967329545455,178.725,124.40997869318181,125.6356534090909
5656,252.7127130681818,118.82013494318181,180.6796875,124.3955965909091,125.279296875
5720,302.64453125,121.46644176136364,180.56015625,128.956640625,128.1375
5784,281.429296875,120.26953125,182.91043526785714,128.7140625,127.97514204545455
5848,274.64765625,127.40465198863636,185.65764508928572,129.5015625,130.4982421875
5912,271.51875,124.27095170454545,186.05691964285714,131.1275390625,130.594921875
5976,301.8203125,127.03071732954545,189.26116071428572,132.08203125,132.0380859375
6040,345.3515625,125.71235795454545,191.46344866071428,133.6359375,135.675
6104,311.37890625,129.512109375,191.36551339285714,134.6326171875,135.671484375
6168,281.077734375,129.146484375,192.91489955357142,135.4904296875,135.69609375
6232,278.86640625,133.0013671875,196.23465401785714,138.0251953125,138.15
6296,346.0640625,130.76015625,198.51652644230768,138.0796875,139.1765625
6360,298.07421875,135.6486328125,198.2596153846154,140.7146484375,139.9587890625
6432,304.6484375,134.353125,199.76322115384616,140.6267578125,140.80078125
6504,360.103125,139.8375,202.52974759615384,142.736328125,143.380859375
6576,396.47596153846155,137.74921875,205.73978365384616,144.92578125,144.19140625
6648,313.9296875,144.302734375,205.9453125,144.154296875,145.427734375
6720,316.546875,141.834375,207.48948317307693,148.73828125,147.828125
6792,359.7140625,141.4880859375,214.1953125,149.2578125,149.498046875
6864,355.66875,144.625,212.44381009615384,149.890625,152.150390625
6936,422.15084134615387,144.697265625,216.03515625,151.61236213235293,153.453125
7008,328.9658203125,149.32421875,219.29296875,153.052734375,152.884765625
7080,387.703125,149.201171875,216.990234375,156.890625,155.921875
7152,378.60770089285717,153.986328125,219.5771484375,155.53515625,157.80813419117646
7232,406.42788461538464,152.1796875,220.62890625,157.830078125,157.162109375
7312,350.9953125,154.3046875,224.5810546875,161.009033203125,159.939453125
7392,384.7650669642857,156.603515625,226.4619140625,161.32763671875,161.30126953125
7472,395.6213942307692,157.236328125,227.4697265625,163.008544921875,162.195556640625
7552,401.5438701923077,156.423828125,232.3154296875,162.37353515625,167.947998046875
7632,363.4828125,161.760498046875,233.6228693181818,165.680419921875,165.715576171875
7712,414.85997596153845,161.5078125,235.18892045454547,166.6142578125,166.757080078125
7792,346.6640625,166.431884765625,236.09019886363637,167.350341796875,168.39404296875
7872,390.73660714285717,164.3994140625,237.5635653409091,172.02421875,174.84375
7952,425.2175480769231,164.445556640625,242.61008522727272,171.88828125,173.13046875
8040,378.58761160714283,170.8078125,244.61399147727272,173.165625,173.52421875
8128,388.48158482142856,170.646240234375,245.19566761363637,175.7203125,175.2515625
8216,443.513671875,171.37265625,247.19957386363637,176.840625,178.01953125
8304,381.1841517857143,179.1796875,250.95170454545453,178.7015625,178.93359375
8392,410.4465144230769,176.50078125,254.70063920454547,181.91484375,182.0484375
8480,428.98828125,176.56875,254.0646306818182,187.30245535714286,182.86272321428572
8568,405.21634615384613,184.51255580357142,259.955859375,183.146484375,185.537109375
8656,418.6838942307692,181.14140625,261.62578125,189.01004464285714,188.08091517857142
8744,436.142578125,180.9328125,261.573046875,188.81919642857142,190.15262276785714
8840,474.36008522727275,193.40959821428572,264.3046875,190.87583705357142,191.34542410714286
8936,462.029296875,190.87834821428572,268.8046875,191.48604910714286,193.03292410714286
9032,541.35,189.86886160714286,269.546484375,194.89871651785714,194.72293526785714
9128,434.759765625,189.755859375,272.08125,197.9432091346154,199.65234375
9224,457.39453125,191.60909598214286,276.535546875,197.88641826923077,197.75390625
9320,464.49609375,198.01081730769232,278.658984375,200.41496394230768,202.07271634615384
9416,448.78125,198.35426682692307,281.2640625,203.22205528846155,203.93599759615384
9512,445.201171875,201.57782451923077,283.64765625,203.9981971153846,204.8689903846154
9616,464.408203125,201.7752403846154,287,206.69441105769232,206.9783653846154
9720,452.51953125,211.2403846153846,289.21484375,207.8572716346154,208.82271634615384
9824,436.388671875,206.7674278846154,292.88671875,209.34465144230768,212.1544471153846
9928,484.93892045454544,207.27584134615384,293.296875,212.4275841346154,212.30318509615384
10032,470.953125,208.81730769230768,299.46484375,229.0107421875,214.025390625
10136,518.9484375,211.4783653846154,300.8984375,217.3154296875,217.4208984375
10240,510.75,211.69200721153845,304.64453125,231.3779296875,220.359375
10344,569.34375,218.5078125,304.69140625,234.93004261363637,222.78515625
10456,532.5609375,223.7666015625,309.0859375,224.630859375,225.3984375
10568,499.4105113636364,225.0205078125,310.6796875,224.6982421875,226.1396484375
10680,573.359375,222.5419921875,313.2578125,229.412109375,228.6181640625
10792,541.4625,225.8583984375,316.72265625,230.015625,229.9365234375
10904,555.26484375,226.13671875,319.26171875,231.92578125,232.5498046875
11016,528.4828125,231.4892578125,329.13720703125,233.61328125,234.28764204545453
11128,586.7109375,236.42897727272728,327.7529296875,237.39417613636363,236.24360795454547
11248,527.6390625,238.51598011363637,329.888671875,237.9950284090909,239.83274147727272
11368,561.0234375,238.8068181818182,332.16943359375,239.79758522727272,240.6669034090909
11488,609.296875,240.59019886363637,334.75341796875,242.99360795454547,244.05149147727272
11608,626.34375,257.473828125,337.88671875,264.793359375,247.61186079545453
11728,606.421875,254.98188920454547,344.1234375,267.8625,248.3884943181818
11848,632.7297794117648,266.066015625,345.0984375,274.7109375,250.68323863636363
11968,654.556640625,269.405859375,347.6203125,270.928125,275.677734375
12096,584.1953125,270.460546875,353.5921875,273.77578125,273.73359375
12224,606.796875,278.630859375,357.0421875,277.36171875,275.596875
12352,592.921875,283.180078125,358.2796875,277.14375,280.669921875
12480,625.7109375,278.2265625,363.6890625,279.924609375,280.655859375
12608,644.1943359375,284.796875,364.4671875,292.69921875,285.90234375
12736,694.275,282.019921875,369.06529017857144,286.7734375,292.71875
12872,700.3875,279.86484375,373.31919642857144,287.52734375,287.35546875
13008,634.984375,285.97265625,379.37611607142856,290.59765625,290.98828125
13144,606.046875,286.8828125,380.1997767857143,294.625,292.69140625
13280,765.6529017857143,290.921875,385.13671875,297.05859375,295.28125
13416,748.1450892857143,296.23046875,387.5474330357143,296.09765625,300.76953125
13552,720.46875,298.703125,391.28404017857144,299.28515625,302.21484375
13696,699.253125,290.890625,396.76802884615387,301.20703125,305.45703125
13840,701.625,305.859375,401.89002403846155,306.59765625,309.37890625
13984,697.265625,297.80859375,402.1063701923077,311.109375,311.97265625
14128,709.096875,308.43359375,406.7848557692308,312.96875,313.00390625
14272,696.99375,313.66015625,410.3058894230769,314.78515625,317.89453125
14424,830.0769230769231,314.1328125,414.12439903846155,320.84033203125,320.2119140625
14576,688.378125,321.95654296875,418.3972355769231,323.56494140625,321.873046875
14728,860.2265625,317.0680147058824,422.70252403846155,326.36865234375,328.18798828125
14880,667.01953125,315.5,429.591796875,327.11572265625,329.60302734375
15032,756.5524553571429,330.1611328125,434.021484375,330.0556640625,333.1142578125
15184,816.1117788461538,330.20068359375,435.05859375,334.0107421875,334.5029296875
15344,705.4875,334.177734375,446.0390625,339.6884765625,337.29345703125
15504,790.5721153846154,328.1484375,448.48828125,341.578125,340.21142578125
15664,762.2678571428571,334.001953125,447.92578125,344.0015625,346.65
15824,783.7232142857143,338.96337890625,451.60546875,348.5203125,350.221875
15984,794.7823660714286,347.203125,457.37109375,350.128125,349.40625
16152,733.8716517857143,348.8296875,460.142578125,357.45,356.7
16320,897.64453125,357.69375,463.974609375,356.56875,359.5171875
16488,845.0697115384615,357.9328125,472.90909090909093,360.9421875,364.9265625
16656,859.5703125,353.578125,487.41264204545456,368.22154017857144,364.78125
16832,752.4642857142857,372.59095982142856,479.18607954545456,367.0814732142857,368.51785714285717
17008,900.234375,370.30078125,483.74360795454544,371.73214285714283,372.34486607142856
17184,899.91796875,365.521875,497.47372159090907,375.22265625,374.2232142857143
17360,789.6418269230769,372.73158482142856,492.69247159090907,378.45200892857144,380.28515625
17536,830.0985576923077,371.60658482142856,498.1384943181818,379.45145089285717,384.17745535714283
17720,891.01171875,386.9849330357143,501.83309659090907,384.39341517857144,386.05580357142856
17904,1007.6036931818181,393.1372767857143,508.1484375,385.95033482142856,390.5859375
18088,921.09375,389.7924107142857,512.57109375,395.2590144230769,395.6051682692308
18272,1066.9359375,402.9338942307692,520.16484375,396.16225961538464,396.93569711538464
18464,893.4609375,394.8479567307692,521.95078125,404.23197115384613,399.2938701923077
18656,875.66015625,409.44591346153845,526.99921875,406.47115384615387,406.7145432692308
18848,912.0234375,437.994140625,536.23828125,411.4795673076923,411.1280048076923
19040,950.3693181818181,415.0222355769231,537.75703125,415.63341346153845,411.34435096153845
19240,1078.65,414.8545673076923,544.46484375,417.8401442307692,419.0895432692308
19440,1137.5859375,418.06189903846155,549.21796875,425.1418269230769,424.2331730769231
19640,941.34375,430.39453125,554.4,424.2277644230769,424.0222355769231
19840,1109.896875,413.8918269230769,558.97734375,429.0234375,434.044921875
20048,1036.35,431.87109375,569.1015625,433.412109375,433.27734375
20256,1029.15,429.03515625,570.125,435.826171875,450.1875
20464,964.2528409090909,441.591796875,576.640625,438.732421875,443.291015625
20672,1156.25,437.876953125,590.8671875,449.30859375,444.64453125
20888,1325.6015625,447.2578125,588.75,451.5234375,452.525390625
21104,1010.2372159090909,454.306640625,592.5078125,457.40625,453.287109375
21320,1005.5326704545455,453.7734375,605.1875,460.271484375,457.470703125
21536,1051.5375,450.556640625,605.28125,464.900390625,465.5582386363636
21760,1119.4734375,454.48828125,610.9921875,466.7088068181818,469.78977272727275
21984,1146.59375,474.59659090909093,621.09375,471.48366477272725,474.03409090909093
22208,1055.1515625,488.96590909090907,622.3984375,485.00923295454544,478.9495738636364
22440,1265.96875,478.3615056818182,629.84375,483.57741477272725,483.64772727272725
22672,1208.921875,486.0958806818182,636.015625,487.46377840909093,486.85014204545456
22904,1303.98046875,498.08735795454544,642.0849609375,488.28196022727275,492.94815340909093
23136,1102.8234375,504.07670454545456,647.40234375,500.30539772727275,500.13920454545456
23376,1394.49375,500.09446022727275,659.443359375,501.14914772727275,501.28977272727275
23616,1214.828125,511.06321022727275,661.53515625,506.63991477272725,504.55610795454544
23856,1170.03125,506.85085227272725,668.302734375,521.240625,508.98579545454544
24104,1158.359375,512.82421875,678.5947265625,529.02421875,514.18125
24352,1518.7700892857142,515.0671875,679.939453125,523.378125,525.73359375
24600,1184.59375,515.88984375,687.43125,526.21171875,530.16328125
24856,1223.078125,532.66640625,693.95625,533.671875,529.09453125
25112,1282.025390625,526.3453125,701.240625,538.79765625,535.753125
25368,1476.9441964285713,533.559375,709.696875,546.16640625,541.1109375
25632,1276.90625,540.5765625,719.184375,550.096875,553.0078125
25896,1405.63125,542.80546875,724.36875,561.83203125,553.8515625
26160,1278.6783088235295,554.57578125,729.553125,559.9125,555.67265625
26432,1296.439453125,567.1828125,741.6462053571429,564.9328125,565.0875
26704,1377.525,577.2265625,742.5301339285714,568.4484375,573.1484375
26976,1511.779017857143,577.9453125,751.3091517857143,581.2421875,574.3203125
27256,1298.830078125,587.8515625,758.7020089285714,578.7109375,576.6796875
27536,1514.7924107142858,579.8125,767.2901785714286,587.390625,600.453125
27816,1655.048076923077,587.2890625,785.3102678571429,597.1015625,594.6953125
28104,1406.71875,591.1328125,786.375,603.2578125,606.8671875
28392,1469.732142857143,601.3828125,789.5552884615385,605.125,613.9453125
28680,1409.15625,598.90625,841.6730769230769,624.890625,611.8125
28976,1544.34375,642.6650390625,859.39453125,651.0234375,651.234375
29272,1780.2421875,661.6669921875,855.3984375,674.3583984375,679.5791015625
29568,1681.2692307692307,656.806640625,861.46875,684.665625,695.296875
29872,1522.1651785714287,671.1591796875,875.05078125,691.171875,689.00625
30176,1572.9308035714287,682.9125,878.58984375,695.75625,695.784375
30488,1871.015625,683.221875,901.53515625,705.4875,711.309375
30800,1719.0703125,700.40625,902.40234375,720.15,716.053125
31112,1704.4615384615386,701.690625,918.234375,719.446875,721.434375
31432,1750.359375,711.45,928.171875,734.6049107142857,727.153125
31752,1793.484375,716.15625,931.9090909090909,733.0479910714286,734.8258928571429
32080,1816.734375,733.6104910714286,933.8650568181819,740.8325892857143,740.7220982142857
32408,1923.0852272727273,732.7466517857143,939.0809659090909,749.7622767857143,755.1462053571429
32736,1744.8046875,751.5803571428571,947.0838068181819,772.1216517857143,771.890625
33072,1657.3629807692307,770.9464285714286,977.0497159090909,789.9122596153846,1179.78125
33408,2107.06875,800.3617788461538,991.6875,810.8545673076923,1171.59375
33752,1795.8515625,824.5384615384615,1011.7585227272727,836.5673076923077,1185.953125
34096,1767.8671875,843.7608173076923,1049.765625,858.71484375,1197.0625
34448,1966.21875,858.3515625,1088.6203125,873.9140625,1217.578125
34800,2021.9829545454545,876.08203125,1104.4125,884.75390625,1230.90625
35152,2140.25625,893.98828125,1137.890625,897.83203125,1244.640625
35512,2379.8125,913.828125,1168.234375,914.53125,1258.296875
35872,1942.4914772727273,914.390625,1174.25,933.5582386363636,1270.25
36240,2239.875,960.6221590909091,1218.203125,967.0653409090909,1281.05859375
36608,2215.0125,1001.4928977272727,1232.8125,1008.4602272727273,1290.09375
36984,1995.46875,1019.25,1262.015625,1018.7130681818181,1310.994140625
37360,2457.25,1030.978125,1268.2555147058824,1021.2315340909091,1310.009765625
37744,2434.96875,1038.2484375,1275.796875,1031.878125,1321.76953125
38128,2307.90625,1047.1921875,1296.509765625,1045.265625,1331.33203125
38520,2534.4926470588234,1065.796875,1297.705078125,1052.38125,1342.828125
38912,2300.0625,1070.1703125,1311.22265625,1063.0546875,1362.69140625
39312,2461.71875,1075.5140625,1322.384765625,1083.065625,1374.54375
39712,2143.265625,1091.1796875,1339.453125,1099.996875,1374.9
40120,2156.00625,1101.54375,1339.470703125,1098.4359375,1398.13125
40528,2596.04296875,1107.646875,1360.125,1114.70625,1399.3125
40944,2495.84375,1124.71875,1388.1,1117.4203125,1417.29375
41360,2344,1144.375,1390.51875,1130.034375,1437.075
41784,2419.5625,1145.8125,1409.6625,1151.015625,1450.275
42208,2532.5404411764707,1168.375,1419.3,1153.703125,1450.6125
42640,2432.125,1164.203125,1428.75,1165.828125,1483.3526785714287
43072,2219.0625,1183.984375,1451.19375,1188.03125,1486.5669642857142
43512,2453.84375,1194.6875,1474.4330357142858,1186.203125,1490.122767857143
43952,2800.725,1199.140625,1480.359375,1199.8125,1512.421875
44400,2659.359375,1216.75,1512.3013392857142,1210.390625,1523.6517857142858
44856,2623.11328125,1237.890625,1506.9174107142858,1224.09375,1539.220982142857
45312,2692.1953125,1243.234375,1521.421875,1243.75,1563.830357142857
45776,2745.6,1250.359375,1539.7433035714287,1257.25,1581.7067307692307
46240,2724.890625,1268.828125,1552.580357142857,1266.78125,1575.951923076923
46712,2828.5875,1279.453125,1559.0691964285713,1271.15625,1589.8846153846155
47184,2719.40625,1286.349609375,1589.8846153846155,1286.068359375,1602.173076923077
47664,2945.651785714286,1302.345703125,1611.6923076923076,1300.271484375,1614.548076923077
48152,2941.995535714286,1309.447265625,1601.3725961538462,1312.751953125,1637.826923076923
48640,2538.5625,1322.15625,1627.0745192307693,1333.30078125,1651.1754807692307
49136,2690.61328125,1353.779296875,1650.3533653846155,1337.44921875,1657.6009615384614
49640,3167.3076923076924,1357.505859375,1668.3100961538462,1350.10546875,1682.6538461538462
50144,3125.370535714286,1370.4375,1685.5096153846155,1365.58125,1695.2235576923076
50656,3454.171875,1393.89375,1711.2890625,1379.1375,1708.640625
51168,3466.078125,1410.8625,1718.0390625,1393.06875,1755.5390625
51688,3205.514423076923,1421.7375,1738.3359375,1404.91875,1736.578125
52216,2787.7875,1427.79375,1757.9765625,1432.3125,1763.71875
52744,2864.925,1433.19375,1766.0390625,1437.9375,1766.4609375
53280,3187.298076923077,1449.6,1793.8359375,1451.83125,1802.1328125
53824,3270.418269230769,1469.2700892857142,1787.484375,1500.3080357142858,1828.359375
54368,3307.8028846153848,1491.0870535714287,1826.8828125,1478.310267857143,1829.7890625
54920,3438.5625,1504.3058035714287,1854.6328125,1499.0223214285713,1843.9453125
55480,3509.203125,1510.935267857143,1858.6171875,1520.216517857143,1870.8515625
56048,3102.348214285714,1540.3861607142858,1879.8494318181818,1524.0535714285713,1871.3607954545455
56616,3425.953125,1538.497767857143,1886.1647727272727,1540.8080357142858,1899.434659090909
57192,3249.2596153846152,1560.09375,1898.15625,1590.7716346153845,1920.9375
57776,3734.7954545454545,1580.4735576923076,1931.0625,1571.825892857143,1938.1193181818182
58360,3228.706730769231,1602.4110576923076,2057.85,1585.9038461538462,1956.9886363636363
58952,3729.068181818182,1600.9182692307693,1948.3977272727273,1602.8004807692307,1992.5795454545455
59552,3589.875,1628.3509615384614,2027.919642857143,1619.7403846153845,1988.5397727272727
60160,3640.5,1645.5288461538462,1997.6676136363637,1631.3798076923076,2017.3551136363637
60768,3733.005681818182,1733.34375,2731.0125,1648.0384615384614,2019.7329545454545
61384,3887.5397727272725,1668.0288461538462,2033.284090909091,1678.4783653846155,2039.0625
62008,3403.471153846154,1694.8774038461538,2053.4625,1688.3221153846155,2068.875
62640,3984.5454545454545,1698.6201923076924,2100.2625,1714.96875,2128.33125
63280,3477.5625,1717.359375,2116.63125,1724.71875,2108.671875
63920,4006.943181818182,1735.078125,2141.803125,1740.421875,2126.165625
64568,3747.4772727272725,1752.5625,2162.475,1764.4453125,2155.865625
65224,4129.9875,1771.0078125,2195.634375,1770.9375,2153.334375
65888,4173.46875,1803.84375,2212.25625,1787.390625,2563.3125
66560,3910.1420454545455,1814.6953125,2236.66875,1817.109375,2583.45703125
67240,4019.4204545454545,1823.2734375,2255.484375,1825.6171875,2595.83203125
67920,4171.5,1856.109375,2246.7375,1842.2109375,2629.01953125
68608,4068.715909090909,1863.1789772727273,2300.53125,1887.877840909091,2626.734375
69304,4294.85625,1879.9772727272727,2338.96875,1881.690340909091,2648.56640625
70008,4497.525,1916.7698863636363,2315.71875,1902.65625,2659.640625
70720,4362.4125,1916.0539772727273,2366.5,1916.9744318181818,2699.0859375
71440,4236.46875,1937.0454545454545,2385.875,1950.2386363636363,2698.8046875
72168,4758.0625,1961.8977272727273,2413.8125,1953.5369318181818,2715.43359375
72904,4210.03125,1976.471590909091,2435.5625,1977.3664772727273,2733.4875
73648,4751.875,2000.3267045454545,2453.375,2002.3210227272727,2751.525
74392,4406.85,2013.1107954545455,2493.5625,2016.8181818181818,2780.4375
75144,4585.9375,2034.153409090909,2484.40625,2048.2670454545455,2802.6375
75904,4439.75625,2072.7,2528.15625,2069.83125,2845.8
76672,4807.25,2128.528125,2559.4375,2075.9625,2865.0375
77448,4966.125,2095.565625,2575.01953125,2099.334375,2893.6875
78232,4568.3125,2117.025,2582.71875,2117.390625,2896.2
79024,4907.5,2162.19375,2628.73828125,2138.540625,2955.1339285714284
79824,4899.625,2161.63125,2637.24609375,2176.14375,2957.504464285714
80632,5054.1875,2190.234375,2659.46484375,2187,2960.1964285714284
81448,4870.0625,2216.7,2703.515625,2204.6625,3004.433035714286
82272,4934,2248.903125,2715.78515625,2239.790625,3027.214285714286
83104,5049.0625,2248.734375,2760.8625,2249.83125,3027.375
83944,5112.3125,2290.15625,2813.7,2278.90625,3050.15625
84792,5572.95,2291.4375,2867.025,2295.0625,3138.9910714285716
85656,5466.675,2328.5,2869.35,2319.15625,3095.4776785714284
86528,5442.890625,2355.40625,2870.0625,2337.21875,3128.0223214285716
87408,5148.84375,2370.1875,2902.5,2377.75,3145.5
88296,5416.875,2392.84375,2951.4375,2388.84375,3146.4241071428573
89192,5481.975,2422,2956.8214285714284,2410.78125,3195.346153846154
90096,5199.046875,2443.34375,3021.2678571428573,2436.5625,3215.206730769231
91008,5415.890625,2476.40625,3031.433035714286,2491.46875,3271.7596153846152
91928,5758.8,2486.125,3037.5803571428573,2576.875,3307.9759615384614
92864,5813.475,2519.3125,3079.1651785714284,2512.78125,3320.1346153846152
93808,5591.55,2560.640625,3285.908653846154,2693.49609375,3364.831730769231
94760,5864.142857142857,2557.75,3123.4821428571427,2647.65234375,3345.793269230769
95720,5906.008928571428,2626.03125,3418.21875,2607.46875,3384.389423076923
96688,5797.5,2614.9921875,3199.5,2615.5546875,3381.1009615384614
97672,5999.303571428572,2640.09375,3208.283653846154,2714.51953125,6698.509615384615
98664,5954.946428571428,2964.4151785714284,3788.3352272727275,3263.9278846153848,4164.6375
99664,6551.653846153846,2865.24375,3756.3515625,2989.6473214285716,3833.0795454545455
100672,6437.8557692307695,2737.5,3384.5625,2740.725,3855.068181818182
101696,6496.528846153846,2763.975,3421.875,2749.9125,4101.4125
102728,6501.8942307692305,2832.6375,3424.453125,2799.7875,3902.215909090909
103768,6499.990384615385,2823.1125,5625.075,2832.375,5561.55
104824,6780.548076923077,2859.2625,5645.175,2879.4,5633.025
105888,6152.303571428572,2870.1375,3505.21875,2978.7991071428573,4156.36875
106960,6536.163461538462,2928.0535714285716,3575.109375,2922.3,4030.1079545454545
108048,6552.432692307692,2936.8526785714284,3604.078125,2930.464285714286,4062.375
109144,6830.8125,2969.5178571428573,3918.630681818182,2965.4196428571427,4573.25
110248,6763.846153846154,3100.058035714286,3626.71875,2981.2098214285716,4272.91875
111368,7222.03125,3190.326923076923,4172.56875,4190.56875,4584.90625
112496,6939.9375,3042.6026785714284,3743.6420454545455,3065.9464285714284,4161.65625
113640,6992.8125,3069.28125,3801.221590909091,3124.96875,4191.3
114792,7001.34375,3101.0625,3825.409090909091,3099.535714285714,4254.24375
115952,6777.173076923077,3169.9903846153848,3974.6761363636365,3203.5673076923076,4954.590073529412
117128,7355.4375,3185.783653846154,3874.193181818182,3161.076923076923,4286.8125
118312,6768.692307692308,3286.514423076923,3884.369318181818,3190.543269230769,4321.63125
119512,7363.03125,3228.1875,3923.8977272727275,3248.264423076923,4375.85625
120720,8074.636363636364,3258.346153846154,4047.443181818182,3259.2548076923076,4399.425
121944,7666.056818181818,3289.326923076923,4023.4602272727275,3293.480769230769,4487.79375
123176,7489.636363636364,3323.1201923076924,4044.9375,3326.235576923077,4469.2875
124424,7859.045454545455,3356.394230769231,4121.55,3355.139423076923,4517.6625
125688,7855.159090909091,3397.7596153846152,4202.55,3415.875,4546.63125
126960,7997.727272727273,3427.265625,4300.48125,3448.921875,4581.875
128248,7874.284090909091,3487.265625,4316.175,3459.75,4585
129544,7861.090909090909,3518.671875,4323.76875,3497.015625,4624.5
130856,8277.6375,3530.625,4375.96875,3551.953125,4689.5
132184,8534.025,3580.171875,4442.00625,3591.1875,5072.25
133520,7597.125,3627.09375,4448.475,3617.4375,5157.4921875
134872,8632.575,3636,4500.675,3664.6875,5144.2734375
136240,8304.525,3697.59375,4576.25,3724.568181818182,5170.5703125
137624,8812.2375,3747.681818181818,4620.625,3709.5,5246.5078125
139016,8087.727272727273,3748.244318181818,4634.25,3773.096590909091,5275.8984375
140424,8777.8125,3812.369318181818,4687.375,3797.2329545454545,5271.046875
141848,8890.875,3898.534090909091,4734.1875,3826.7897727272725,5309.6484375
143288,8993.925,3862.6363636363635,4783.75,4334.8026315789475,5361.890625
144736,8908.9875,3933.971590909091,4852.625,3928.8579545454545,5437.7578125
146200,8919.7875,3941.4375,4908.308823529412,3938.318181818182,5485.5
147680,8702.775,3988.125,4941.375,4106.8125,5504.625
149176,8866.0125,4024.8920454545455,4977.875,4021.9772727272725,5512.8
150688,8756.325,4084.2102272727275,5053,4121.6625,5606.325
152216,9763,4167.61875,5010,4129.0875,5637.15
153760,9895.375,4175.26875,5132.0390625,4146.4125,5630.7
155320,9306,4228.36875,5185.7578125,4211.8875,5724
156896,9837.75,4681.375,5165.15625,4258.51875,5811.825
158488,9894.25,4293.61875,5233.7109375,4365.61875,5767.2
160096,10028.625,4319.38125,5249.7421875,4317.35625,5845.575
161720,9707.25,4360.33125,5338.546875,6484.932692307692,5896.366071428572
163360,10312.171875,4444.0875,5404.2890625,4429.35,5889.535714285715
165016,10278.421875,4480.59375,5423.1328125,4451.5125,6373.817307692308
166688,10816.59375,4490.325,5473.725,4521.6,6417.432692307692
168376,10414.96875,4537.96875,5524.725,4536.7875,6420.634615384615
170080,11088,4617.3125,5584.65,4594.6875,6497.913461538462
171800,10737.28125,4627.0625,5631.975,4623.75,6539.884615384615
173536,10311.46875,4708.6875,5705.85,4668.5,6527.163461538462
175296,10828.40625,4821.6875,5919.026785714285,4757.375,6618.375
177072,10703.109375,4769.75,5808.075,4804.75,6692.365384615385
178864,10938.75,4812.1875,5891.0625,4819.75,6684.836538461538
180672,11160.9,4898.125,5924.25,4867.8125,6734.7692307692305
182504,11256.45,4923.0625,6058.928571428572,4943.8125,6797.7692307692305
184352,11200.35,4996.25,6120.803571428572,4967.625,6825.721153846154
186216,11418,5017.375,6189.910714285715,5014,6933.65625
188104,12018.05357142857,5060.8125,6304.153846153846,5146.5234375,8739.3375
190008,12511.125,5308.1015625,6233.223214285715,5113.1875,7374.65625
191928,11843.035714285714,5171.484375,6317.134615384615,5246.578125,7096.875
193872,11881.767857142857,5220.6328125,6426.692307692308,5252.6953125,7147.875
195832,12416.94642857143,5449.21875,6426.173076923077,5275.4765625,7140.75
197816,12893.01923076923,5326.875,6497.3942307692305,5331.4453125,7633.022727272727
199816,12483.160714285714,5380.453125,6561.951923076923,5382.0703125,7687.636363636364
201840,12588.75,5478.9,6692.451923076923,5433.75,7838.079545454545
203880,12112.714285714286,5568.3,6764.278846153846,5489.25,7732.431818181818
205944,12321,5544.15,6760.903846153846,5544.45,7797.681818181818
208032,12745.038461538461,5593.8,6835.03125,5603.4,7831.227272727273
210136,13254.576923076924,5658.525,6891.09375,5677.725,7908.136363636364
212264,13863.375,5838.075,7094.71875,5757.9,8009.795454545455
214416,12944.942307692309,5764.425,7140.28125,5811.9,8066.352272727273
216584,13657.5,5864.866071428572,7202.71875,5856.428571428572,8092.227272727273
218776,14123.4375,5929.714285714285,7277.71875,5910.026785714285,8315.4375
220992,13125.807692307691,5948.598214285715,7246.96875,5984.4375,8211.988636363636
223232,13555.384615384615,6007.419642857143,7375.3125,6001.3125,8239.725
225488,14373.75,6072.267857142857,7483.090909090909,6139.446428571428,11772.964285714286
227768,14137.3125,6133.982142857143,7515.715909090909,6177.776785714285,8536.3875
230072,14049.75,6197.866071428572,7607.965909090909,6192.482142857143,8816.4
232400,14099.4375,6292.6875,7701.75,6279.508928571428,8900.1
234752,14412.75,6534.432692307692,7693.670454545455,6362.048076923077,8988.3
237128,14890.5,6382.7307692307695,8497.943181818182,6462.086538461538,8986.05
239528,14959.022727272728,6461.567307692308,7941.681818181818,6447.9807692307695,9104.375
241952,15114.068181818182,6510.028846153846,8075.556818181818,6510.9807692307695,9360.375
244400,15293.65909090909,6610.5,8066.045454545455,6591.9807692307695,9191.875
246872,14930.181818181818,6682.067307692308,8130.886363636364,6697.817307692308,9319.625
249368,15667.568181818182,6706.7307692307695,8191.840909090909,6749.4807692307695,9390.125
251888,15627.272727272728,6831.5625,8543.1375,6776.826923076923,9377.25
254440,15642.204545454546,6850.40625,8444.25,6844.96875,9451.625
257016,15872.522727272728,6932.34375,8562.7125,6971.90625,9522.75
259616,15441.75,7032.1875,8529.6375,6990.46875,9593.25
262240,16200,7070.25,8754.75,7105.875,10134.375
264896,16857,7137.75,8803.6875,7137.375,10157.25
267576,17190,7261.03125,8917.425,7207.40625,10164.625
270280,16465.5,7313.4375,9228.375,7330.59375,10304.578125
273016,16756.425,7363.96875,9081.675,7393.125,10379.109375
275776,16862.4,7486.977272727273,9215.625,7421.71875,10390.078125
278568,18450.5,7505.488636363636,9265.75,7494.238636363636,10574.4375
281384,18259.75,7580.556818181818,9350.5,7647.034090909091,10576.828125
284232,17446.95,7711.568181818182,9442.375,7653.681818181818,10669.21875
287104,17718.75,7717.704545454545,9531.875,7730.693181818182,10817.71875
290008,18289.5,7822.329545454545,9641.5,7998.75,10895.484375
292944,17971.65,7947.102272727273,9747.75,7877.965909090909,10882.265625
295904,18215.5,8028.306818181818,9934.25,8020.636363636364,11424.3
298896,18032.4,8098.977272727273,9944.125,8098.465909090909,11499.75
301920,19008.75,8193.0375,10045.5,8118.204545454545,11500.2
304976,18704.5,8213.7375,10127,8269.7625,11567.1
308064,18933,8300.25,10320.890625,8292.2625,11895.45
311176,19371.25,8366.175,10231.279411764706,8514.9,11765.410714285714
314320,20013.5,8467.875,10495.828125,8458.425,11924.035714285714
317496,19852,8553.15,10539.5625,8536.05,11953.44642857143
320704,21335.625,8695.9125,10654.3125,8631.45,12007.125
323944,20063.25,8849.25,10753.03125,8777.475,12129.910714285714
327224,20686.21875,8803.575,10857.234375,8820.675,12190.339285714286
330536,20560.5,8883.3375,10965.9,8895.375,12642.576923076924
333880,21464.4375,9046.2375,11074.5,9048.0375,12938.365384615385
337256,21012.75,9082.6875,11268.6,9074.3625,12801.288461538461
340664,21111.1875,9172.625,11309.85,9188.5,12912.923076923076
344112,21690.84375,9263.75,11446.95,9262.25,13108.153846153846
347592,21554.15625,9346.625,11614.8,9421.25,13201.788461538461
351104,22631.1,9502.875,11655,9446.875,13199.365384615385
354656,22332,9552.5,11754.80357142857,9607,13301.653846153846
358240,22416,9647,11995.875,9692.625,13475.596153846154
361864,23672.89285714286,9733.375,12089.732142857143,9738.75,13843.6875
365520,23380.2,9900.375,12115.767857142857,9831.875,14045.4375
369216,22678.5,9926,12320.517857142857,9931.5,14054.0625
372952,25048.285714285714,10113.5,12621.535714285714,10021.375,14264.0625
376720,24806.89285714286,10158,12504.69642857143,10132.75,14364.375
380528,23450.464285714286,10254.65625,12662.826923076924,10251,14365.125
384376,23884.071428571428,10417.640625,12756.98076923077,10339.59375,14505
388264,24030,10507.5,12872.942307692309,10445.0625,14668.875
392192,24280.39285714286,10535.0625,13109.01923076923,10550.390625,14768.625
396160,24743.89285714286,10729.96875,13136.884615384615,10655.015625,15146.795454545454
400168,24439.5,10846.40625,13374.692307692309,10763.4375,15615.40909090909
404216,25753.5,10896.328125,13442.538461538461,10939.95,15508.022727272728
408304,25439.19230769231,10991.7,13668.1875,10969.2,15472.431818181818
412432,25968.115384615383,11092.2,13698.75,11083.5,15684.136363636364
416600,27313.125,11209.8,14186.0625,11203.8,15789.477272727272
420816,26853.23076923077,11318.85,13957.125,11315.4,15811.772727272728
425072,26221.153846153848,11452.65,14117.25,11458.95,15915.681818181818
429368,26590.153846153848,11539.5,14322.9375,11577.6,16397.55
433712,27624.75,11658.45,14455.3125,11705.30357142857,16591.95
438096,26925.923076923078,11876.785714285714,14470.5,11785.5,16663.275
442528,27512.25,11946.535714285714,14760.5625,11931.267857142857,16899.075
447000,27843.75,12027.69642857143,14714.0625,12090.05357142857,17291.025
451520,27720.75,12250.767857142857,14863.5,12155.785714285714,16990.425
456088,28993.5,12357.80357142857,15090.954545454546,12298.017857142857,17176.725
460696,28705.875,12374.839285714286,15161.113636363636,12479.785714285714,17756.325
465352,29744.25,12864.461538461539,15489.204545454546,12526.875,17756.775
470056,29881.636363636364,12808.211538461539,15680.65909090909,12703.5,19051.5
474808,29862,13055.01923076923,16193.863636363636,13123.038461538461,20961
479608,30411,13159.211538461539,16342.772727272728,13188.288461538461,21035.53125
484456,30586.909090909092,13451.192307692309,16680.375,13359.634615384615,21540.09375
489352,30684.272727272728,13500.51923076923,16610.175,13620.115384615385,21713.625
494296,31977.81818181818,13634.48076923077,16764.3,13670.625,21868.2
499296,31940.590909090908,13890.1875,17894.925,13853.25,22230.9
504344,32253.136363636364,14082.9375,17613.675,13949.4375,22650.6
509440,32848.65,14106.1875,17813.025,14263.3125,24104.89285714286
514592,32193,14333.625,18006.3,14343,24805.928571428572
519792,32943.15,14424.75,18081,14648.4375,24506.35714285714
525048,34335.9,14685,18383.5,14599.6875,24732.964285714286
530352,34292.7,15036.545454545454,18962.75,15015.681818181818,26342.653846153848
535712,34048.8,15408.40909090909,19193.75,15816.477272727272,28492.5
541128,34577.1,15652.636363636364,19308.5,15868.636363636364,29698.875
546600,34584.75,16143.75,19880.25,16125.75,30751.772727272728
552128,35036.1,16437.825,20423.25,16734.375,33645.6
557712,36087.75,16936.875,20745.5625,17085.6,34775.1
563352,37170,17504.55,21136.21875,17755.875,37423
569048,38031,18016.2,21949.5,18147.6,39804
574800,37681,18661.25,22744.8,18782.25,42348.375
580608,37669.5,19090.75,22882.5,19435.75,44672.4
586480,39244.23529411765,19725,23172.9,19819.5,47230.71428571428
592408,39274.94117647059,20316,23868.64285714286,20543.75,51581.07692307692
598392,39359.117647058825,20803.21875,24277.821428571428,21133.125,51621.230769230766
604440,39270.705882352944,21300.46875,24714.321428571428,21354.46875,53208
610552,40537.58823529412,21452.625,24995.89285714286,21977.4,59057.25
616720,40555.05882352941,21747.375,25118.035714285714,22223.1,63724.09090909091
622952,41881.5,22081.2,25409.76923076923,22211.7,57506.25
629248,41698.6875,22551.3,25639.96153846154,22537.8,59079.75
635608,41423.0625,22768.8,26098.26923076923,23062.2,60909.545454545456
642032,40560.882352941175,24085.285714285714,28600.875,23436.321428571428,66226.5
648520,42543.5625,23419.928571428572,26545.5,23625.64285714286,64432.63636363636
655072,42815.25,23823,26877.46153846154,24131.571428571428,67561.2
661696,43134.1875,24207.428571428572,27186.923076923078,24270.10714285714,71406.9
668384,42811.3125,24700.821428571428,27677.625,24694.714285714286,72840
675136,47012.142857142855,24837.10714285714,27918.375,25075.285714285714,70930.8
681960,44140.8,25120.285714285714,27992.625,25248.46153846154,72332.1
688856,45711.6,25759.384615384617,28223.25,25497,73053
695816,45501,25726.153846153848,28588.5,25759.73076923077,85561.875
702848,45519.6,26030.076923076922,28929,26232.23076923077,78529
709952,45468,26330.19230769231,29144.625,26418.80769230769,79858
717128,45670.8,26624.76923076923,29424,26730.346153846152,88670.25
724376,47192.78571428572,26977.846153846152,30134.045454545456,27096.923076923078,91642.8
731696,47463.42857142857,27465.75,30003.545454545456,27308.076923076922,82747.125
739088,47604.21428571428,27691.125,30435.545454545456,27847.5,83706.75
746560,48172.5,27918.75,30847.909090909092,28108.5,86308.875
754104,48735.642857142855,28187.625,30937.5,28308.75,91366.8
761728,49208.78571428572,28532.25,31211.590909090908,28578,88107.6
769424,51902.307692307695,28832.625,31798.227272727272,28830.75,87772.8
777200,49854.21428571428,29147.25,32132.454545454544,29223.375,89486.4
785056,50369.78571428572,29500.125,32247.409090909092,29509.5,94164.42857142857
792992,50575.846153846156,29796.375,32500.636363636364,29906.590909090908,92577.6
801008,51955.61538461538,30150.81818181818,32841.9,30144.272727272728,92683.2
809104,52245,30470.31818181818,33233.4,30492.81818181818,95038.71428571429
817280,53581.153846153844,30787.772727272728,33840,31003.772727272728,96572.57142857143
825536,53635.846153846156,31586.727272727272,34198.65,31227.954545454544,98083.28571428571
833880,54470.07692307692,31421.454545454544,34481.25,31506.954545454544,99527.14285714286
842304,58136.25,34554.6,34742.7,31855.5,99672.42857142857
850816,54028.38461538462,32132.045454545456,35479.8,32341.909090909092,101623.84615384616
859416,55595.25,32419.227272727272,35629.65,32602.5,103680
868104,55099.5,32817.6,35724.6,32925.15,106582.15384615384
876880,56473.5,33174.9,36430.5,33191.1,104796
885744,57872.25,34035.3,36917,33872.4,107743.84615384616
894696,57304.5,34002,37028,34019.55,109522.5
903736,58880.25,34211.7,37581,34415.55,111363
912872,59251.5,34604.55,37657.5,34708.05,113566.5
922096,60847.36363636364,34999.65,48415.5,35170.65,112303.5
931416,59941.63636363636,35356.05,38634.5,35505,115470
940832,60420.27272727273,35667,39095.5,35838,113779.5
950336,61134.545454545456,36870,39343,36231.75,116754
959936,61863.545454545456,36561.5,39857.5,36682.5,119652.54545454546
969640,62288.181818181816,36785,40304,37055,121426.36363636363
979440,63649.63636363636,37517.5,40773.5,37393,118194
989336,65295,37638,41089.5,37991,121068
999336,67824,38028.5,41982.75,38225,122110.36363636363
1009432,65885.4,38436,42109.3125,38608.5,124576.36363636363
1019632,68814.46153846153,38843,43172.4375,39112.5,128456.18181818182
1029936,66339.9,39416,43318.125,39463.5,126623.45454545454
1040344,71225.51351351352,39693,43567.875,39925,129133.63636363637
1050856,71716.86486486487,40017,43951.8,40584,133563.27272727274
1061472,70536.31578947368,40416.5,44470.8,40903.5,132462
1072200,72479.67567567568,40898.5,44917.2,41106.375,132368.4
1083032,73654,41308.3125,45096.6,41592.9375,135624.6
1093976,73343,41758.875,45579.6,42529.5,135995.4
1105032,75404.57142857143,42270.1875,46240.2,42599.8125,136674
1116200,76235.65714285715,42648.75,46438.2,42910.875,138474
1127480,77256,43090.875,47217.857142857145,43303.5,139541.4
1138872,77371.41176470589,44083.8,47766.857142857145,43695,139901.4
1150376,77926.23529411765,44030.4,48028.5,44128.8,142300.8
1162000,79621.09090909091,44440.8,48933,44619.6,143357.4
1173744,80709.81818181818,44848.8,49218.42857142857,45079.2,143856
1185608,82219.5,45382.8,49467.857142857145,45574.8,149066
1197584,82861.875,45836.4,50013,46138.8,149176
1209688,82478.25,46326.6,50843.769230769234,46863,150288
1221912,82896.75,46798.8,51562.38461538462,47205,153208
1234256,85210.83870967742,47246.142857142855,51955.61538461538,47581.07142857143,153458
1246728,83688.75,47799.642857142855,52250.53846153846,47955.21428571428,155304
1259328,85284,48259.28571428572,52629.92307692308,48591,158406
1272056,87150.19354838709,48697.71428571428,54316.38461538462,48976.07142857143,156516
1284912,88110,49181.78571428572,54122.53846153846,49543.71428571428,160040
1297896,88135.2,49771.28571428572,54645.75,50095.28571428572,160866
1311008,90049.2,50248.92857142857,54957.75,50488.61538461538,162998
1324256,93097.24137931035,50744.769230769234,55718.25,51001.61538461538,169992
1337640,92837.79310344828,51265.38461538462,56097.75,51900.230769230766,167161.5
1351152,92106.62068965517,51964.61538461538,56732.25,52164.692307692305,167782.5
1364808,94812.42857142857,52544.769230769234,57912.75,53392.153846153844,170039.25
1378600,94563,52900.61538461538,58225.5,53563.153846153844,183604.5
1392528,94803.42857142857,53433,58688.25,53770.153846153844,174726
1406600,98242.66666666667,53912.07692307692,59223.75,54329.53846153846,175475.25
1420816,98509.33333333333,55221,59901.545454545456,54885.75,175684.5
1435168,100377.33333333333,55111.5,60451.36363636364,55761,186338.25
1449672,99936,55675.5,61080.545454545456,55939.5,180441
1464320,100971.69230769231,56563.5,61757.181818181816,56561.25,180058.5
1479112,103897.38461538461,56761.5,62413.36363636364,57486,185793.75
1494056,103277.07692307692,57306,63077.72727272727,57699,192623.14285714287
1509152,105013.44,58298.25,64110.27272727273,58327.5,195004.2857142857
1524400,105884.64,58736.25,64232.181818181816,59419.5,192247.7142857143
1539800,108090.72,59466.75,65356.36363636364,59821.36363636364,193294.2857142857
1555360,109273.5,59758.36363636364,65824.2,60543,201605.14285714287
1571072,109536,60333.545454545456,66662.1,61115.72727272727,195757.7142857143
1586944,110539.5,61920.818181818184,67067.1,61780.09090909091,198180
1602976,113296.5,61863.545454545456,67899.6,62005.90909090909,202996.2857142857
1619168,112095,62635.90909090909,68931.9,62672.72727272727,205557.42857142858
1635528,113208,62907.545454545456,69547.5,63794.454545454544,204680.57142857142
1652056,114331.30434782608,63959.72727272727,69555.6,64341.818181818184,207138.85714285713
1668744,116677.56521739131,64268.181818181816,70662.6,64996.36363636364,207527.14285714287
1685608,117813.91304347826,64819.63636363636,71699.4,65342.454545454544,214997.14285714287
1702640,118450.95652173914,66757.5,72499.5,66284.1,212127.42857142858
1719840,121493.45454545454,69554.7,74333,67258.8,223302
1737216,126358.28571428571,67327.2,73727,67795.2,216064.2857142857
1754768,121801.09090909091,67942.8,74499,68289.3,227652
1772496,125468.57142857143,68624.1,75544,68803.2,222681
1790408,126740.57142857143,68965.2,76294,69401.7,222156
1808496,126725.14285714286,70144.2,77332,70075.8,226506
1826768,128295.42857142857,70421.4,78614,71053.2,241866
1845224,130073.14285714286,71475.3,78167,71604,231186
1863864,131830.2,72281.7,79736,72721.8,238434
1882696,133232.4,72593.1,79977,73689,238566
1901720,134805.6,73694,80837,73818,238446
1920936,136483.2,74550,82101.375,74991,239541
1940344,139769.05263157896,74809,82660.5,75105,260799
1959944,140519.36842105264,75565,85127.625,76193,245124
1979744,141570.94736842104,76933,84411,77367,247287
1999744,142815.7894736842,77063,85552.875,77867,251049
2019944,146602,81931.5,116364,87596.4,284025.6
2040352,148730,78785,87322.5,79806,256443
2060968,147722,79428,88038,80120,257073
2081792,149436,80247,88020,80808.35294117648,259581
2102824,154620,81120,91117.2,82219.5,262389
2124072,154791.5294117647,82035,90769.2,82615.5,265053.6
2145528,152506,83235.375,91323.6,83867.625,271134
2167208,158560.9411764706,84064.5,92750.4,84123,303915.6
2189104,167553,84570.75,93840.42857142857,85477.5,273794.4
2211224,158522.82352941178,85926.375,94199.14285714286,85984.875,281001.6
2233560,161665.41176470587,86522.625,95261.14285714286,86695.875,284680.8
2256128,165703.5,87114.375,96402.85714285714,88365.6,292114.8
2278920,164391.75,88124.4,97212.85714285714,88900.8,290559.6
2301944,167634,89506.8,98019,89908.8,291862.8
2325200,171848.25,89646,99194.14285714286,90327.6,293727.6
2348688,170970.75,91011.6,100261.28571428571,91290,295491.6
2372416,172401.75,92170.8,101809.38461538461,92769.6,298940.4
2396384,176954.4,92566.8,102471.23076923077,93835.28571428571,301111.2
2420592,178120.8,94303.28571428571,102868.61538461539,94091.14285714286,308257.2
2445048,179508,94717.28571428571,104096.76923076923,95106.85714285714,312102
2469752,180297.6,95392.28571428571,105246,96651,310892.4
2494704,182896.8,96411.85714285714,107187.23076923077,97059.85714285714,314305.2
2519904,189763.7142857143,97616.57142857143,109311,98565.42857142857,317066.4
2545360,192186,98349.42857142857,109264.15384615384,99038.57142857143,319748.4
2571072,189460.2857142857,99991.28571428571,109647,100325.57142857143,323780.4
2597048,193893.42857142858,100668.85714285714,110806.5,101719.38461538461,325778.4
2623288,193070.57142857142,101009.07692307692,112498.5,101968.61538461539,332833.5
2649792,196462.2857142857,103044.46153846153,113107.5,103228.61538461539,336154.5
2676560,197215.7142857143,104123.07692307692,114301.5,104804.30769230769,338499
2703600,197678.57142857142,104773.84615384616,116074.5,105669.69230769231,341284.5
2730912,204499.38461538462,105428.76923076923,117009,106242.92307692308,348088.5
2758504,203139.6923076923,107252.30769230769,118192.5,107514,351400.5
2786368,206199.6923076923,107566.61538461539,119472.54545454546,109281,352467
2814520,214659.6923076923,109389,119747.45454545454,109678.5,355833
2842952,213144.92307692306,109801.5,122159.45454545454,111076.5,360652.5
2871672,215728.61538461538,110953.5,122776.36363636363,112635,364005
2900680,219789,112920,124874.18181818182,114448.5,365499
2929984,218694,113137.5,124700.72727272728,114745.5,369886.5
2959584,224493,115125,125854.36363636363,115803,379201.5
2989480,227112,116374.5,127634.72727272728,117103.5,378333
3019680,230583,116602.5,129019.09090909091,118425,382936.5
3050184,229767,117807,131095.8,119976.54545454546,384651
3081000,234837,119028,131707.8,119775.27272727272,393673.5
3112128,241052.72727272726,120914.18181818182,133403.4,121516.36363636363,393259.5
3143568,239949.81818181818,121431.27272727272,134899.2,122154.54545454546,398367
3175328,241389.81818181818,123399.81818181818,135516.6,124704,419301
3207408,241684.36363636365,124437.27272727272,137934,125474.72727272728,404172
3239808,252500.72727272726,125368.36363636363,139482,126705.27272727272,412074
3272536,249895.63636363635,126482.72727272728,140535,127819.63636363637,416920.5
3305592,252579.27272727274,127737.81818181818,141636.6,129092.72727272728,419373
3338984,254320.36363636365,130099.09090909091,146078,130256.18181818182,386886.85714285716
3372712,256519.63636363635,130372.36363636363,144847.8,131160.6,428985
3406784,263368.8,132514.2,146206,133473.6,430285.5
3441200,263235.6,132809.4,148152,134062.2,445104
3475960,264643.2,135221.4,149392,135460.8,406594.28571428574
3511072,270648,135853.2,150352,137575.8,411171.4285714286
3546544,268747.2,137905.2,152502,137946.6,414498.85714285716
3582368,283809.6,139003.2,162504,142018.2,448776
3618560,278366.4,140157,154976,140751,430683.4285714286
3655112,283392,141208.2,156240,142300.8,439254
3692040,296744,142619.4,157826,143823.6,451038
3729336,296240,144268.2,159442,145458,437604
3767008,301296,145786,161256,147448,452112
3805064,303304,147108,162706,148078,456894
3843504,315112,149304,164137.5,149776,462312
3882328,307995,150734,165870,151344,477126
3921544,291942,152718,168198.75,153592,459552
3961160,329130,153250,175188,154386,456372
4001176,312632,154684,173214,164202.75,575971.2
4041592,370691,190894.14285714287,246609.81818181818,164664,586597.8
4082424,557881,176229.6,285967.3,208698,268729.1
4123664,282668.4,156660,178410,161496,193487.14285714287
4165320,286671.6,161084,184804.8,202236.75,205751.07692307694
4207400,351546.75,169695,238638,191849.14285714287,204106.15384615384
4249904,339043.5,165483,183192,165498.75,197146.2857142857
4292840,294132,166212,185265.6,166923,203624.3076923077
4336208,300800,167663.25,185438.4,168936.75,207841.84615384616
4380016,301776,170993.25,187655.14285714287,170329.5,239501.45454545456
4424264,304956,170586,204696,172010.25,250638.54545454544
4468960,312108,173049.75,191435.14285714287,173767.5,226842
4514104,313972,174476.25,206915.53846153847,181500,228864
4559704,320844,171389.25,196472.57142857142,175406.4,232842
4605768,323492,174159,197416.2857142857,176642.4,243291.27272727274
4652296,330403.5,175120.8,198534.85714285713,176472,247788
4699296,339219,180691.2,200453.14285714287,180628.8,267278.4
4746768,335943,184166.4,202818.46153846153,179841.6,268516.8
4794720,338166,180312,204313.84615384616,181852.8,261324
4843152,347004,181730.4,208199.07692307694,183242.4,265291.2
4892080,346446,184960.8,214590.46153846153,188727.42857142858,282625.2
4941496,347796,185486.4,213499.38461538462,188969.14285714287,278506.8
4991416,355203,187606.2857142857,213989.53846153847,191502,290880
5041840,357768,189650.57142857142,216523.38461538462,191455.7142857143,294132
5092768,366358.5,192237.42857142858,223041,196272,305828
5144216,387766.28571428574,194893.7142857143,219777,196300.2857142857,311596
5196184,370890,197483.14285714287,226269,197529.42857142858,318800
5248672,379224,196698.85714285713,225516,199676.57142857142,326740
5301696,394930.28571428574,199308.85714285713,232581,203610.46153846153,345010.5
5355256,384325.71428571426,201350.57142857142,229425,204618.46153846153,334134
5409352,390651.4285714286,204360.92307692306,232551,204538.15384615384,333612
5463992,398427.4285714286,208207.38461538462,238869.81818181818,206808.92307692306,344191.5
5519184,397897.71428571426,208597.84615384616,244534.9090909091,212292,348088.5
5574936,404552.5714285714,211192.61538461538,239589.81818181818,213252.92307692306,357255
5631256,405082.28571428574,212621.53846153847,240336,214781.53846153847,366219
5688144,418983.4285714286,214958.76923076922,244066.9090909091,215523.6923076923,371371.5
5745608,418674.85714285716,224589,249820.36363636365,219999,375804
5803648,422974.28571428574,218532,251152.36363636365,221256,385822.28571428574
5862272,428590.28571428574,221262,250802.18181818182,226947,389823.4285714286
5921488,440700,223662,254326.9090909091,224412,392898.85714285716
5981304,440238,229584,263408.4,227937,403030.28571428574
6041728,447864,228840,260034.54545454544,229833,409952.5714285714
6102760,453294,234378,261242.18181818182,232191,419734.28571428574
6164408,459540,232614,265514.4,234975,432617.14285714284
6226680,468252,240830.18181818182,268192.8,237201,433064.5714285714
6289576,470748,238149,269110.8,243949.0909090909,437802
6353112,472662,240290.18181818182,272016,242077.0909090909,445086
6417288,479766,242332.36363636365,276339.6,244191.27272727274,453258
6482112,488640,248468.72727272726,278996.4,247339.63636363635,456912
6547592,491778,247990.9090909091,280425.6,249051.27272727274,464064
6613736,499878,250278.54545454544,284673.6,250749.81818181818,473472
6680544,502470,251417.45454545456,288867.6,254575.63636363635,483180
6748032,538905.6,255963.27272727274,290761.2,263332.8,495384
6816200,527824.8,257262.54545454544,293524,259137.81818181818,495318
6885056,530712,259049.45454545456,297088,263523.6,508428
6954608,538732.8,262378.8,297224,265183.2,551908.8
7024864,555825.6,265762.8,302012,268473.6,524430
7095824,557308.8,266889.6,305728,270486,526356
7167504,559706.4,270489.6,314524,274456.8,532540.8
7239904,567655.2,274827.6,310992,284896.8,569160
7313040,571060.8,276717.6,314516,278362.8,549252
7386912,571788,278751.6,319012,280364.4,565675.2
7461528,591156,282290.4,320932,284101.2,564696
7536904,611366.4,286729.2,334557,293872,600336
7613040,603237.6,288320.4,330462,290286,604108.8
7689944,612871.2,291404,331654.5,292408,613735.2
7767624,614700,302516,335146.5,298468,633549.6
7846088,676026,303056,336658.5,302276,648993.6
7925344,656559,301692,342207,303724,614196
8005400,669546,302188,343233,317824,649101.6
8086264,668529,307648,349137,313136,674721
8167944,700263,308328,352359,312180,654480
8250456,679266,314648,357853.5,315448,670995
8333800,680508,318036,360297,319004,676989
8417984,696420,321884,373581,325172,703872
8503016,698337,323028,369058.5,326296,669006
8588912,709452,329233.5,371241,331771.5,682317
8675672,729549,330961.5,376246.28571428574,330669,697563
8763312,729702,340074,379584,336973.5,693900
8851832,728514,336271.5,381342.85714285716,337171.5,724095
8941248,757971,338931,384994.28571428574,343881,715914
9031568,756036,347391,393017.14285714284,346108.5,744345
9122800,774936,348214.5,393485.14285714284,353952,746730
9214952,769806,352435.5,409721.14285714284,353736,749520
9308040,780660,353232,403729.71428571426,357196.5,758043
9402064,790515,357003,419672.5714285714,363550.5,766458
9497040,807741,362344.5,411073.71428571426,366160.5,834867
9592976,815904,367425,417337.71428571426,370107,797337
9689880,812259,369549,421421.14285714284,375557.14285714284,834039
9787760,893580,373635,427664.5714285714,379496.5714285714,813114
9886632,894912,377897.14285714284,431722.28571428574,380211.4285714286,825408
9986504,905964,384989.14285714284,434283.4285714286,387128.5714285714,838431
10087384,911016,392240.5714285714,441126,388599.4285714286,851166
10189280,918288,392317.71428571426,456036,397064.5714285714,858456
10292208,933156,395496,451338,397686.85714285716,878427
10396176,954072,401929.71428571426,460722,404598.85714285716,904329
10501192,961380,406332,458124,405246.85714285716,876252
10607272,958488,410364,465894,410826.85714285716,896859
10714424,976596,410806.28571428574,472122,423833.14285714284,914625
10822656,992112,422773.71428571426,476094,422521.71428571426,893832
10931976,995364,424023.4285714286,477930,426538.28571428574,901332
11042408,1010328,425165.14285714284,486132,436896,913656
11153952,1024548,432288,492930,441450,931068
11266624,1068192,436093.71428571426,496146,436597.71428571426,944256
11380432,1055892,443706,507930,442572,959484
11495392,1053552,443868,504864,450144,969684
11611512,1100496,448512,514704,456576,969228
11728808,1085184,452712,518442,465318,986160
11847288,1098312,457038,526075.2,464220,1006440
11966960,1115760,462558,735030,482568,1022748
12087840,1136856,468030,537112.8,486468,1040568
12209944,1155840,476838,537782.4,480426,1055004
12333280,1319310,478038,549453.6,505386,1115076
12457864,1336014,483162,552564,499278,1075992
12583704,1359576,488730,559569.6,492660,1092012
12710816,1359828,495288,562464,500910,1136220
12839216,1400598,505410,591969.6,505146,1132152
12968912,1395504,510642,579909.6,513702,1136052
13099912,1455804,535262.4,583711.2,600580.8,1213632
13232240,1642590,617731.2,603662.4,529188,1190664
13365904,1579662,548056.8,615859.2,554176.8,1208472
13500920,1546848,545493.6,609163.2,728001,1245408
13637296,1653714,892356,706887,590695.2,1258344
13775048,1612404,584906.4,641865.6,579348,1270716
13914192,1578384,591969.6,946236,1010964,1335540
14054744,1766628,1002192,732366,744858,1375740
14196712,1743840,620704.8,737199,609588,1339668
14340120,2183904,997428,771291,636552,1368372
14484976,1928304,687384,722637,694494,1395312
14631296,1882098,671571,935688,904668,1501116
14779088,2038626,847341,1018308,813618,1625436
14928376,1938348,959208,898284,788607,1352646
15079168,2114028,1105944,1774440,1008864,1401984
15231488,2057958,1214184,2118726,1524636,1580604
15385344,2087208,1132188,1498680,1206672,1661844
15540752,2162970,1268112,1491390,1240404,1605114
15697736,2211624,1460016,1981386,1805724,1677114
15856304,2406276,1555470,1779732,1441296,1599030
16016472,2746476,1776384,1855494,1521702,1696284
16178256,2648268,1637082,2234664,1661022,1655172
16341680,2667996,1605816,1912860,1653768,1921860
16506752,2680488,1845090,2017638,1565604,1807110
16673488,2793960,1751166,1927296,1718838,1727820
16841912,2967336,1924776,1959840,1603134,1743480
17012040,3039012,2622168,2421612,2227950,1883718
17183880,2980080,2385594,2638080,1958184,1872036
17357456,2993652,2081376,2159334,1785276,1862694
17532784,2967084,2057634,2201040,1986804,1976526
17709888,3151800,2736576,2795760,2527488,2264580
17888776,3086964,2503476,2947320,2432232,2206584
18069472,3101112,2612286,3302928,2343762,2072196
18251992,3129444,2249190,2557062,2412468,2352726
18436360,3232008,2360196,2601018,2230794,2152314
18622592,3099744,2308734,2606490,2490426,2207934
18810704,3131928,2388996,2812716,2301786,2158956
19000712,3395340,2942352,3043188,2483046,2431548
19192640,3186468,2669508,2887992,2469888,2249964
19386512,3209148,2575908,2921472,2464686,2562552
19582336,3271284,2671920,2992176,2568582,2346210
19780144,3293568,2716920,3018924,2646828,2553138
19979944,3315456,2802888,3079116,2744172,2428470
20181768,3402288,2835576,3153600,2738196,2774988
20385632,3754332,3495744,3410136,2948004,2525580
20591552,3433068,2956500,3410928,3057228,2633526
20799552,3485916,3011292,3315276,2953836,2604654
21009656,3516048,3070872,3896460,3314520,2968290
21221880,3758256,3197340,3407220,3069936,2690370
21436248,3684096,3266352,3536388,3151044,2627424
21652776,3648096,3248712,3500460,3179124,2789028
21871496,3674736,3349476,3501612,3313260,2621592
22092424,3708828,3322764,3590172,3302280,2934630
22315584,3747636,3398184,3714732,3471732,2964330
22541000,3758256,3531960,3677616,3540420,3018852
22768688,3853584,3611736,3734460,3434904,3031704
22998680,4075308,3591576,3773556,3462912,3080664
23230992,3890160,3616632,3914820,3546396,3108042
23465656,3947508,3662280,3862908,3567780,2638008
23702688,3994128,3701772,3904812,3765024,2841876
23942112,4010868,3745368,3961404,3803436,3059532
24183952,4067388,3922524,4056264,3741624,2830428
24428240,4119948,4002732,4158540,3799476,2881332
24674992,4157964,3914676,4102596,3839652,2967444
24924240,4218120,3979980,4149972,3868416,3056940
25176008,4227444,4018248,4294512,4050900,3149496
25430312,4287348,4247136,4269456,4021524,3235428
25687184,4348080,4122324,4413600,4211712,3263688
25946656,4391064,4175316,4514112,4134312,3271212
26208744,4525668,4260780,4593744,4447368,3640536
26473480,4529664,4315536,4441176,4503636,3853944
26740896,4634604,4435416,4596696,4377240,3504384
27011008,4650192,4616892,4641768,4448304,3772764
27283848,4688244,4631364,5099256,4942404,4253400
27559448,5006664,4783932,4992372,4799880,3967380
27837832,5252688,4750524,4782132,4645368,3955608
28119024,4814244,4695120,4772916,5092776,4467348
28403056,4837104,4751388,4795740,4636008,3887496
28689960,4966848,4761864,4866300,4671828,3962664
28979760,4934376,4865076,5059116,4751856,4059144
29272488,4983624,4959540,4939632,4796784,4120596
29568176,5031756,4938588,4992048,4863240,4306968
29866848,5198580,5014332,5046912,4909140,4270320
30168536,5146164,5097168,5100300,5004108,4609836
30473272,5215032,5081400,5140692,5031396,4548276
30781088,5232132,5225436,5196708,5090112,4463100
31092016,5339448,5324940,5405436,5167224,4522392
31406080,5848056,5655024,5796864,5626188,5108292
31723320,5727996,5689368,5565312,5506380,4957632
32043760,5518296,5361912,5436468,5403024,4792896
32367440,5544900,5411448,5451948,5384340,4832928
32694384,5609376,5987736,5540652,5444172,4926384
33024632,5691024,5564880,5660784,5582880,5024340
33358216,5773392,5605452,5636736,5532912,5215752
33695168,5937840,5660676,5712912,5619564,5177556
34035528,5858820,5848776,5873184,5800824,5231484
34379328,5998032,5910264,6089832,5898564,5360220
34726600,6079176,5859540,6088824,5956272,5486976
35077376,6035004,6065496,6164892,5839560,5588964
35431696,6139044,6034680,6137316,6028632,5575212
35789592,6231996,6020388,6225480,6014664,5926284
36151104,6295464,6185484,6276240,6033024,5922468
36516272,6361560,6174504,6287436,6093252,5958360
36885128,6386904,6359616,6252732,6144912,5943924
37257712,6475824,6388992,6297840,6227028,5944608
37634056,6491736,6459192,6355872,6339852,6117264
38014200,6689988,6422616,6568128,6346872,6154884
38398184,6674364,6491700,6498612,6448824,6255504
38786048,6875676,6708348,6575868,6460272,6297480
39177832,6811128,6591060,6630804,6587640,6379884
39573568,6906240,6683184,6703056,6629652,6461424
39973304,7656660,8765028,7336836,6776460,6566040
40377080,7005024,6812784,6942636,6747264,7209828
40784936,7283124,6870384,6917364,7195734,7043364
41196912,7165368,6951600,7174224,6965064,6800184
41613048,7241796,7196256,7060680,6959556,6894792
42033384,7378956,7106796,7124184,7171452,7239420
42457968,7504740,7170372,7188984,7225560,7305840
42886840,7443324,7322724,7283844,7229196,7185888
43320048,7601724,7298208,7454088,7233012,7266636
43757632,7630632,7467516,7435476,7320096,7527708
44199632,7748136,7454592,7734204,7692624,7484436
44646096,7796520,8520984,7922988,7470252,7566372
45097072,7874640,7609320,7631388,7527996,7666164
45552600,7943544,7687692,7696296,7613820,8032896
46012728,7986744,7774596,7923240,8116524,7889148
46477504,8168328,8046360,7900740,7758720,7931916
46946976,8625312,8056116,7960824,7848396,8147880
47421192,8299944,8000892,8111844,7941600,8132760
47900200,8454348,8084592,8175780,8060220,8480952
48384048,8537364,8205084,8260848,8105904,8438868
48872776,8508096,8421624,8277336,8170596,8472600
49366448,8632764,8330400,8340804,8315316,8625348
49865104,8672364,8476740,8566956,8351928,8839836
50368792,8858916,8486424,8598924,8433468,8775180
50877568,8945496,8589384,8616816,8639316,8946756
51391488,9078912,8741016,8721936,8589168,9027432
51910600,9082728,8751636,8869428,8687340,9230256
52434952,9222624,8937432,8953668,8796276,9216756
52964600,9315324,8923680,8998380,8920872,9475776
53499600,9433728,9033768,9165996,9027324,9511776
54040008,9502164,9195192,9139788,9134028,9503856
54585872,9604908,9212868,9257580,9232380,9887724
55137248,9694656,9848700,10161576,9599256,10149660
55694192,9842688,9687096,9445788,9325980,10400616
56256760,9843192,9971352,9571788,9378684,10010520
56825016,9923220,9590904,9635580,9573768,10496700
57399008,10126260,9757080,9963432,9612108,10350072
57978800,10128636,9880200,9827856,9839484,10482408
58564448,10255788,9933768,9956664,9877896,10482516
59156016,10374516,9963396,10154556,9868932,10835712
59753552,10443960,10268784,10146528,9974376,10881504
60357128,10580436,10283904,10319076,10174320,10947528
60966800,10714032,10324224,10332756,10388304,11008296
61582632,10778220,10407348,10468440,10351584,11131740
62204680,11014020,10643796,10545048,10388196,11170008
62833016,10982340,10805796,10685700,10544004,11319480
63467696,11440656,10705356,10915920,10739412,11914740
64108784,11638728,10851408,10867428,10802016,11568276
64756352,11369628,11029356,11131092,10829232,11822616
65410464,11555748,11025864,11108196,11199060,11966076
66071176,11708424,11164572,11190096,11056392,12331116
66738568,11881044,11376072,11308932,11159208,12084516
67412696,11807208,11660580,11570292,11281032,12248532
68093640,11918376,11570112,12363552,12754224,12846960
68781456,12088224,11756016,11796408,11506284,12685752
69476224,12247452,11827296,11799216,11692836,12648672
70178008,12340728,12024252,11902932,11828016,12799764
70886880,12455352,12048948,12140892,11838204,13082868
71602912,12644712,12096792,12158892,12062232,13246956
72326176,12820860,12233412,12258648,12133764,13473252
73056744,12810456,12339108,12381336,12233484,13627512
73794696,12934188,12468240,12518604,12470580,13710528
74540104,13132008,12593988,12642552,12558492,13822488
75293040,13259628,12687480,12885264,12570120,13998276
76053576,13413348,12958488,12883716,12693636,14065992
76821800,13594860,12973968,13150030,13022352,14306004
77597784,13919940,13080816,13148928,13114296,14258952
78381608,14080896,13233996,13937292,13919472,15239376
79173344,14104296,13518504,13469904,13223196,15434136
79973080,14160780,13510692,13533156,13740588,14802372
80780896,14470704,13624992,13974984,13804668,15071076
81596872,14327964,13905756,13953600,13813560,15082920
82421088,14478300,13936932,14217624,13876128,15200496
83253632,14594148,14259852,14159664,13896324,15305976
84094584,14863428,14223456,14258772,14084100,15668964
84944032,14984964,14335308,14472720,14343048,15838164
85802056,15101244,14588244,14573988,14439240,15981516
86668744,15367860,14616828,14947668,14479416,16194348
87544192,15459300,14860836,14872536,14709960,16354512
88428480,15496776,15023232,15070356,14846940,16368156
89321704,15768972,15060024,15305004,15627240,16673976
90223944,15812388,15550380,15289164,15091236,16901604
91135304,16069968,15408288,15551064,15797844,17224740
92055864,16250256,15778764,15763176,15489468,17152236
92985728,16477632,15786612,15778512,15694560,17479116
93924984,16427844,15957504,16134588,15701508,17415576
94873728,16849764,15986916,16084404,15934140,17734464
95832056,16922952,16398216,16401600,16088364,17901288
96800064,17025156,16418772,16502328,16179912,18244080
97777848,17219808,16573032,16708500,16372872,18162972
98765504,17433468,16783776,16822872,16486236,18583236
99763136,17482248,16893756,17219448,16689060,18566244
100770848,17725788,16995168,17046216,17118900,18676980
101788736,18395820,20182680,18013932,17879400,19806912
102816912,18030096,17796348,17455176,17256528,19157400
103855472,18281988,17502480,17822844,17448912,19339812
104904520,18526428,17722692,17962308,17598888,19622088
105964168,18564660,18096336,18021636,17817012,19903464
107034520,18865476,18127332,18256068,17967204,19971648
108115680,19093104,18211068,18524196,18182808,20227896
109207760,19187100,18523440,18496476,19242468,20496888
110310872,19912320,18618372,18659484,18689148,20553012
111425128,20078136,18816912,18861480,18902520,20806128
112550640,19953324,19037520,19170468,19426824,20982852
113687520,20445624,19318680,19300788,19109376,21412152
114835880,21218292,19652976,19669104,19455048,21610044
115995840,20444580,19555272,20156796,19552464,21690072
117167520,20763216,20002032,19935180,19991628,22113828
118351032,20970576,20254032,20177820,19919520,22066488
119546504,21132612,20324340,20249964,20128104,22503132
120754048,21296304,20364804,20795364,20192904,22623588
121973792,21410244,20839536,20769876,20415780,23078520
123205856,21885156,20928276,20998224,20701332,23131008
124450360,21905172,21107664,23534496,23049216,24514236
125707440,22179456,21318732,21446352,21162996,23613372
126977216,22270932,21574512,21801096,21323088,23942232
128259816,22654764,21807828,21731004,21705984,24058332
129555376,22742640,21978324,22115664,21765132,24251112
130864024,22915080,22357548,22138272,22174272,24705468
132185888,23271120,22350456,23083092,22857264,24889536
133521104,23705496,22629312,22698216,22421052,25272612
134869808,23844024,23273280,23099580,22768380,25842222
136232136,24028488,23103756,23443848,22784112,25948872
137608224,24381720,23200596,24016032,23010012,25951068
138998208,24664896,23463972,23662980,23407236,26140536
140402232,24736464,23926176,23916600,23515740,26608356
141820440,25317864,24238116,24707916,23925384,27312336
143252976,25465104,24409440,24578064,24422220,27419688
144699976,25869420,25140492,24875064,25015284,27627804
146161592,26172468,25438644,25456824,25028928,27935784
147637976,26051760,26998128,29897136,27415152,30645288
149129272,29321352,27293148,29244780,27216684,30706596
150635632,28341252,27279504,27815904,26841024,30319812
152157208,28614060,27720360,28253160,27335844,30630744
153694152,28530612,28676592,28809540,26752356,29677140
155246624,28089972,26268660,26601336,26165844,29287044
156814776,27777348,26537004,26785188,26291556,30044448
158398768,28030032,26932680,27433404,27324396,30427272
159998760,28817676,27885456,28424160,27451836,31211748
161614912,29757888,28183788,28195164,28278216,30806856
163247392,29549484,28151676,28524276,27769824,31759884
164896360,29525400,28652580,28854684,28271736,31477104
166561984,29913660,28532880,29505924,28318500,32038272
168244432,29759796,28772388,28921716,28614312,31922064
169943872,31383540,31100076,30751596,29106216,32388120
171660480,30328956,29533500,29638224,28917540,32885028
173394432,32895216,31091112,32221548,30801744,34451388
175145896,32940720,31450788,32574960,30999168,34867260
176915048,32259996,31593348,33285492,31069440,34430256
178702072,31686480,30661812,30409740,30164760,33888492
180507144,31875552,30569652,30773448,30382344,35002404
182330456,32251356,30994272,31028184,30956112,34960860
184172184,33101460,31892976,32490360,31661784,35742996
186032512,33579360,31885272,32854464,31784940,35869608
187911632,34048656,32525028,33260976,32114736,36247068
189809736,34178436,32695416,33170112,32308344,36199980
191727008,33907428,32423400,33162660,33581808,38579436
193663648,34581780,32758452,33443460,32650020,37381608
195619848,34943508,33719760,33589224,33247980,37461960
197595808,35215884,33850368,34187364,33677172,37480608
199591728,35212320,34153992,34996248,33739200,37943028
201607808,35925192,34363188,34807320,33894468,38616732
203644256,36043488,35080596,34657560,34845804,38838744
205701272,36408708,34911792,35296308,34616952,39145284
207779064,36701604,35166024,35605404,34819236,39441204
209877848,36982656,35569332,35645688,36841212,40342212
211997832,37573524,35850888,36169524,35735940,40159728
214139232,37883196,36322380,36657504,36245916,40880160
216302256,38990196,36830880,36966060,36646812,41247900
218487128,38646108,36877176,37443744,36760176,41297544
220694072,39076092,37365192,37808712,37135692,42041448
222923312,39688992,38307240,38875428,37835352,42267924
225175064,39799512,38199456,38403252,37692468,42736788
227449560,40356360,38770992,38703060,38308104,43260984
229747032,40830192,39142368,39081312,38727504,43618320
232067712,40832316,39385260,39637692,38783664,44177904
234411832,41469012,39804264,40030524,39721896,44570412
236779632,41765544,40173120,40489920,39799908,44989740
239171352,43836840,40947300,40684248,40429440,45613908
241587232,42777108,41054328,41366196,40589748,45870552
244027512,43183296,41377212,41614920,41027544,46303452
246492440,43881768,41833764,41871096,41545296,47060676
248982264,43821036,42122556,43361100,41957172,47491272
251497240,44323560,42575436,43967844,42748560,48110364
254037624,44871552,43091892,43518024,42743484,48260160
256603664,45107064,44264304,43849008,43177500,48673656
259195624,47154204,44038440,44179200,43401024,49364676
261813768,46707948,44454132,44789976,43992144,49985280
264458352,46922616,45083232,44875800,44636832,50305428
267129656,47351268,45320760,45456120,45234036,51818652
269827936,47719008,45825516,45882432,45469440,51325020
272553472,48267108,46243296,46663236,45580176,52239168
275306544,48546324,46670184,47117160,46387944,52163712
278087424,49058316,47286936,47455200,46604556,52870572
280896392,49651596,47629512,47747376,47286576,53351676
283733736,50007816,48131820,50578020,49266396,53842824
286599736,51539256,48764880,48744288,48233520,54512208
289494688,51124176,49214160,49457772,48669948,54951408
292418880,52078824,49605156,49998132,49086612,55743372
295372608,52197480,50085936,51189624,49748472,56283768
298356176,52627320,50712444,51257052,50375268,56987388
301369880,53168544,51206220,51593220,50580432,57514212
304414024,53754228,51637644,52469892,51290172,57875364
307488920,55254924,52668828,53048304,52157880,59736456
310594872,54902052,52857108,53051760,52476912,59410836
313732200,55315008,53084520,53430552,53327412,59928552
316901216,56176488,53907156,54115776,53395776,60275772
320102240,56557800,54329364,54577512,53859708,60995736
323335600,57041568,54775908,55132740,54545004,61863408
326601624,57623688,55350540,55728108,54871704,62270532
329900632,58300884,58361184,57427920,55880424,62879112
333232968,58957560,56567232,57093228,56042424,63574200
336598960,59733504,57272436,57798288,56965392,64398744
339998952,60114060,57740940,58160808,57392424,64730484
343433288,60862896,58214088,58723308,57808404,65176848
346902312,61719696,58876416,59180760,58370328,65909268
350406376,62034192,59475168,59680872,58880880,66840084
353945840,62873820,60106428,63162252,59632992,67589244
357521056,63110700,60713748,60977772,59905368,68111388
361132384,63757980,61500204,61739100,61191036,68744988
364780192,64494324,61801128,62274312,61612524,69490944
368464848,65537892,62746920,62790624,61849512,70147908
372186720,65743560,63267948,64103400,62505648,71025444
375946184,68008572,64975068,64605888,63436248,72883188
379743624,67019364,64696608,65011464,63879264,72001116
383579424,68654484,65434212,65524644,64438560,73064412
387453968,68516928,66072060,66048084,65205144,73751292
391367648,70814340,67250772,67038372,65854764,74208204
395320864,69757092,67540752,67478076,66788568,75549510
399314008,72583596,67941072,69358608,68277924,76071528
403347488,71229780,68423148,69017796,67996476,76497876
407421712,72143532,69282108,69651540,68452776,77473728
411537088,72825228,70205292,70352244,70075368,78153768
415694032,73373040,70660584,70829280,69976296,79059924
419892968,74049696,71209116,71734896,70665372,79755876
424134312,75047328,72023220,72218880,72011952,80795052
428418504,75696768,72790776,73347264,72632952,81744012
432745968,76192128,73645740,74616696,73272060,83455524
437117144,77214744,74042028,75310272,73745496,83284812
441532472,77958072,75101184,75317508,74426184,84000420
445992400,79029756,75828636,76336776,74943576,85017456
450497376,79961508,76543992,76971888,75749220,86521356
455047856,80571888,77374296,77788728,76542768,87010056
459644304,81168084,77919588,78308136,77517252,87292044
464287176,82577880,78669756,79181748,78062904,88363224
468976952,83225232,79600716,80171856,79006140,89431200
473714096,84349368,81860112,80983692,81648036,90968148
478499088,88944336,82720260,81973008,80448228,92891556
483332416,85479552,85564980,94837464,83564820,93874608
488214568,87084684,84385782,85136796,82789560,96757488
493146032,86758524,83951316,84368628,82817640,93695472
498127312,90672012,85405428,86310274,83904336,95519484
503158904,89339220,85644324,86135616,84671244,96561432
508241320,90152964,86245632,86821416,85503996,97749216
513375072,92231424,89905752,88819488,86360760,97877052
518560680,92487348,88921188,89314452,87152508,100424808
523798672,92572596,89375724,89252676,88404264,100244340
529089568,93420936,91057680,91076796,89141724,101093652
534433912,94378536,91025136,90970776,90528120,105131196
539832240,100919268,93453048,92066076,90965340,102607236
545285096,96215040,92330172,92901564,91557756,103568976
550793032,97471116,94020624,93745332,92812752,104366412
556356600,97856136,94734864,94755060,93567384,105411132
561976368,98942364,96396120,96025896,94926780,107085276
567652904,100448964,96463008,96602472,95418000,107741880
573386776,101289780,97515072,97903404,96374844,108934848
579178568,102346092,98738316,98584596,97336332,109858464
585028864,102912552,99617112,100128600,98204436,111652884
590938248,104501592,100302120,100879596,99356940,111790584
596907328,105119424,101533176,101659536,101257092,115356924
602936696,106383708,102751524,102668436,101309436,117048996
609026968,107751780,103205304,104802768,102552840,115578108
615178760,108683964,104324148,105022944,103884336,116887716
621392688,109590624,108008280,106313904,104584356,117951516
627669384,114857928,112071456,107930736,105420312,119543148
634009480,112172292,107611020,107971452,108886572,120525480
640413624,113481108,108690912,109220400,107795016,121981644
646882456,114052032,109695420,110188872,108741348,122591736
653416624,115122276,113547204,112852404,111793212,124243452
660016792,116397648,112019544,113253408,111428028,125967600
666683632,119189376,113310540,116128656,112503096,126825732
673417816,118713312,116732484,116233056,113432652,128563524
680220024,120369132,115530948,117197280,114254748,129300264
687090936,121341528,116313408,117281052,116262036,131124168
694031256,122635764,117634932,118292688,116585460,133838028
701041680,123822972,118829052,120739104,118431432,133163460
708122912,124938468,120094812,120871548,119459160,134919468
715275672,128089224,121868604,122000616,119982456,136051020
722500680,132645060,123682284,123584076,124863156,138458232
729798672,129112992,123792876,124878888,123106860,139464828
737170376,130070484,125358588,125536608,124340796,140577408
744616544,131262048,126378360,127033056,125117568,141870384
752137928,132968340,129005100,129915036,127799316,142546968
759735288,134219484,129408804,136657296,128617236,144457560
767409384,136261872,131230188,132018228,129119832,146794140
775161000,136942416,131701320,132091884,131586638,147296880
782990912,138295044,133441380,134427168,132037222,149314896
790899912,140428188,134779550,134903808,132974712,151453800
798888808,140656572,135718956,136173420,134115480,151603452
806958392,143529372,137593404,140343192,135714600,153224424
815109488,143401320,138119292,139330800,138940776,154851336
823342920,145376208,139601160,140218020,138640788,156027024
831659520,146927880,141406128,142344540,141456744,162048798
840060128,148920192,142581276,144987048,141861420,159661872
848545584,150095772,144357444,144838692,143854776,161520660
857116752,152089092,149047020,147268206,144471276,162726156
865774504,152546004,146896884,148046220,145250244,164314008
874519704,154257156,148682916,149036976,146982528,165736440
883353240,155328732,150217020,150812136,148569084,167447700
892276008,157169556,151646400,152605728,150153048,170096994
901288904,159205500,152889408,153811944,154708884,172302624
910392840,160882020,155730060,155435724,152789004,173140380
919588728,162360036,155685204,156913416,154979424,176292648
928877504,164021112,157493844,158603616,156063492,179983476
938260112,165711780,158914620,159851988,157531392,178920936
947737488,168338016,160807356,167517180,159647940,180367884
957310600,172962432,163195668,163078128,160630380,182061288
966980408,170752320,163909296,166159512,162327384,183775608
976747888,173916756,165385872,166656744,165427056,186427080
986614032,174061008,167309208,168227280,165652380,188271540
996579832,177668964,168993432,169836732,167689188,189528552
1000000000,177074208,169477812,170446176,169177644,190501452
